;h0;h1;k1;k2;k3;k4;k5;k6;k7;h0_std;h1_std;k1_std;k2_std;k3_std;k4_std;k5_std;k6_std;k7_std;loss
sub-00;0.0726676;-0.126794;-0.194109;0.231594;0.348498;0.0633466;0.25;0.0250608;0.491349;0.00390857;0.0133397;2.15102;0.624361;0.0621573;0.0752737;2.14399;0.135827;1.93509;0.0168613
sub-01;0.0444018;-0.1708;-0.180885;0.221478;0.296106;0.0201865;0.25;0.135906;0.267298;0.00258361;0.00881772;0.0639125;0.0280691;0.00227818;0.00290009;0.0626151;0.012812;0.0682749;0.00736732
sub-02;0.0308621;-0.255923;0.0972511;0.0457289;0.422547;0.00918157;3.69003e-16;1.00489e-11;0.000491004;0.0043153;0.0147279;0.00242844;0.00811171;0.00905675;0.00776644;0.0152235;0;0;0.0205531
sub-03;0.0710252;-0.123203;0.073563;0.0380039;0.242223;0.0220393;0.0285845;0.0547382;0.0348619;0.00320926;0.0109531;0.00725683;0.008215;0.0163372;0.0137073;0.00822292;0.00807096;0.0129989;0.0113675
sub-04;0.0433373;-0.203291;0.0248166;0.117843;0.306667;0.0217343;0.0856744;0.25168;0.0831548;0.00429168;0.0146473;0.006965;0.00945638;0.0123444;0.00704606;0.00986141;0.0150345;0.0131246;0.0203288
sub-05;0.051895;-0.102933;-0.184566;0.211752;0.208789;0.0328354;0.25;0.0926393;0.243809;0.00365074;0.0124598;0.0639222;0.129649;0.00645378;0.012823;0.052949;0.0721385;0.0942871;0.0147102
sub-06;0.0778836;-0.0913788;-0.088707;0.25;0.354174;0.048295;0.196957;0.0415327;0.203029;0.00252821;0.00862866;0.512875;0.418056;0.0180938;0.0322132;0.51087;0.0162537;0.243984;0.00705477
sub-07;0.119184;-0.0381937;-0.0535867;0.102899;0.287483;0.0329911;0.110886;2.77056e-12;0.3406;0.00672749;0.0229606;0.218293;0.161982;0.0250352;0.0384142;0.224443;0.448072;1.14833;0.0499531
sub-08;0.0730827;-0.0960637;-0.154412;0.25;0.246111;0.057608;0.226208;0.0108501;0.228637;0.00188569;0.00643578;0.314353;0.314403;0.0179465;0.0270503;0.299564;0.0291734;0.0601998;0.00392463
sub-09;0.0749407;-0.136576;0.0546238;0.0731907;0.275641;0.049948;0.0196656;5.40343e-05;0.0656581;0.0029083;0.00992588;0.0209691;0.0246845;0.0312122;0.0233977;0.0235026;0.103143;0.104817;0.00933543
sub-10;0.0472976;-0.0873053;-0.194442;0.25;0.272354;0.0254921;0.25;0.115988;0.326949;0.00412831;0.0140897;0.328759;0.0836709;0.00378894;0.0070379;0.327195;0.0501843;0.404095;0.0188105
sub-11;0.0751424;-0.0466373;0.0697233;0.0858551;0.254379;0.0239748;0.0212859;1.37373e-17;0.0320837;0.00507829;0.017332;0.00641109;0.00838383;0.00992942;0.00873556;0.0180126;0.0842124;0.0601311;0.0284637
sub-12;0.0687279;-0.118802;0.0377648;0.082222;0.118642;0.0256598;0.0247155;1.56073e-08;0.0179083;0.00352699;0.0120374;0.0165473;0.0172;0.0149247;0.00980327;0.0198645;0.0346426;0.029747;0.0137298
sub-13;0.113178;-4.83125e-44;0.0486252;0.0900417;0.324252;0.0603835;0.0374343;0.0283338;0.0485372;0.00713636;0.024356;0.028394;0.0507033;0.0444015;0.0573365;0.0251125;0.0328228;0.0456258;0.0562095
sub-14;0.089186;-0.0847787;0.0598429;0.0695634;0.292167;0.0306151;0.0259045;3.76196e-18;0.0133763;0.00567358;0.0193636;0.00530677;0.009141;0.0158746;0.0141463;0.02048;0.040644;0.030862;0.035528
sub-15;0.0980208;-2.30662e-51;0.0755663;0.0223797;0.0560525;0.0101318;0.0340599;0.440213;0.0444469;0.0060312;0.0205842;0.0133634;0.0144113;0.0296531;0.0251536;0.0101564;0.0165743;0.019865;0.040148
sub-16;0.0805471;-0.102151;-0.00983385;0.129366;0.203498;0.0323754;0.114709;0.0334987;0.0676287;0.00182732;0.00623654;0.0788652;0.0794979;0.0260963;0.00649533;0.0762772;0.00495675;0.0271785;0.00368539
sub-17;0.0529538;-0.151987;-0.152657;0.25;0.208323;0.0343886;0.206963;3.21592e-20;0.229981;0.00509752;0.0173976;0.218733;0.279961;0.00847432;0.0212108;0.212555;0.0999489;0.234839;0.0286796
sub-18;0.0487441;-0.152738;0.0425507;0.124609;0.228326;0.0311364;0.0199616;0.0552199;0.034315;0.00300685;0.0102622;0.0129545;0.0140864;0.00910115;0.00645408;0.0120837;0.0108653;0.0230903;0.00997886
sub-19;0.0819641;-0.0690533;-0.164355;0.152344;0.383633;0.0291872;0.25;7.8955e-42;0.696544;0.00487361;0.0166334;6.49446;0.151311;0.0215358;0.0204081;6.49577;0.329634;9.47364;0.0262155
sub-20;0.0848397;-0.0454468;0.0918947;-0.0853775;8.97112e-08;0.126746;0.114017;0.305766;0.174163;0.0066961;0.0228535;3.83566;3.49134;7.18818;8.9143;1.45753;0.918363;0.971913;0.049488
sub-21;0.0892308;-5.8556e-47;0.0379329;0.0988351;0.138631;0.0248031;0.0449857;3.47516e-13;0.0173627;0.00953894;0.0325559;0.0272519;0.0291597;0.0232841;0.018039;0.0429617;0.0488626;0.0394227;0.100428
sub-22;0.102233;-2.82469e-43;0.125233;-0.0561301;0.030054;0.0247572;0.0796195;0.146115;0.0608413;0.00532816;0.0181848;0.113396;0.11298;0.0933993;0.0751416;0.0112497;0.0197911;0.0156971;0.0313337
sub-23;0.098989;-0.0417415;0.0208748;0.150793;0.499937;0.097693;0.103681;0.0538019;0.146985;0.0047017;0.0160467;1.60277;4.0444;1.34702;2.08925;1.43274;0.314212;0.816521;0.0243987
sub-24;0.115679;-2.93622e-35;-0.139082;0.223635;0.292613;0.0396985;0.25;0.0512935;0.169264;0.00635854;0.0217014;0.300521;0.270831;0.0194816;0.0282296;0.300549;0.0191974;0.0661565;0.0446242
sub-25;0.0443445;-0.19167;-0.186519;0.213895;0.228196;0.0339064;0.25;0.0643926;0.254145;0.00406989;0.0138903;0.085155;0.190515;0.00661601;0.0176263;0.0810567;0.0553342;0.177861;0.0182819
sub-26;0.108052;-5.85278e-43;0.156154;-0.110895;2.18905e-12;0.163009;0.0457404;0.308127;0.102981;0.0059841;0.0204234;3.76712;4.04739;10.1112;5.47785;0.270649;0.0920099;0.220651;0.0395234
sub-27;0.0743485;-0.0728414;0.040325;0.0763309;0.336444;0.037071;0.108752;0.120201;0.0834622;0.00452465;0.0154424;0.0750844;0.0782741;0.0486906;0.0219371;0.0716414;0.00758461;0.0395374;0.0225957
sub-28;0.0857573;-0.169786;-0.035922;0.166915;0.113086;0.322916;0.0436425;1.48602e-33;0.0633003;0.00329257;0.0112374;3.71787;4.62755;10.5621;7.27951;0.167407;0.143413;0.103793;0.0119653
sub-29;0.0958621;-0.0559838;0.0770564;0.0183946;0.187405;0.0108542;0.0110819;1.90906e-11;0.049631;0.00312147;0.0106534;0.00848426;0.00891174;0.0205427;0.0167922;0.0139509;0.150779;0.126715;0.0107541
sub-30;0.0894819;-0.0328008;0.0654985;0.0485628;0.235475;0.0182394;0.0579999;0.0346648;0.0500817;0.00549201;0.0187439;0.0157099;0.0169801;0.0209853;0.0166641;0.01543;0.0140541;0.0224373;0.0332904
sub-31;0.115317;-6.81793e-36;0.0613107;0.0854383;0.401086;0.0160922;0.0452882;3.27146e-22;0.0604596;0.0028838;0.00984225;0.00244411;0.00609255;0.00479756;0.00412899;0.00852747;0.0342587;0.0231637;0.00917878
sub-32;0.0984426;-5.33266e-138;0.0440367;0.0364447;0.407199;0.0243534;0.0623746;0.12097;0.280699;0.00514645;0.0175646;1.17471;0.247485;0.0956888;0.103345;1.17372;0.0596009;2.79655;0.0292329
sub-33;0.0898873;-0.0542904;-0.166536;0.24237;0.183561;0.0214768;0.25;0.0606716;0.12835;0.00565697;0.019307;0.150074;0.152124;0.00658471;0.00987749;0.152204;0.0173595;0.0176636;0.0353203
sub-34;0.0659864;-0.105179;0.0753693;0.0543816;0.275458;0.0204811;0.0440779;0.0500664;0.0390206;0.00223555;0.00762983;0.00348742;0.0043135;0.00657758;0.00575077;0.00468737;0.00412237;0.00583635;0.00551603
sub-35;0.101176;-3.43534e-46;-0.0572017;0.25;0.179159;0.154414;0.0695601;6.62144e-13;0.0486205;0.00457684;0.0156205;0.427632;0.506829;0.43248;0.259204;0.0974089;0.0493637;0.0436405;0.02312
sub-36;0.0902943;-0.0293978;0.0641291;0.0361575;0.0843591;0.00816904;0.0364857;0.381297;0.0461534;0.00334751;0.0114249;0.00478906;0.00579597;0.00805552;0.00698051;0.00549523;0.00730597;0.00887737;0.012368
sub-37;0.0862069;-0.0588235;-0.0454234;0.0460816;0.0970677;0.0111004;0.131961;2.13481e-14;0.424593;0.00395446;0.0134964;0.302427;0.0311142;0.0104273;0.012167;0.30887;0.453918;0.899503;0.0172596
sub-38;0.0972222;-1.49654e-71;0.124247;-0.0572175;0.249541;0.00996919;0.0490636;0.26609;0.0269125;0.00388015;0.0132428;0.00303886;0.00450827;0.0236628;0.0140326;0.0253246;0.0142683;0.0101691;0.016617
sub-39;0.091954;-0.0730223;0.0530707;0.0438333;0.472384;0.00726489;0.0646453;2.80118e-25;0.21213;0.00379819;0.012963;0.0198556;0.0316706;0.0138076;0.0104755;0.0239457;0.100411;0.119236;0.0159224
