;A;q;tau;A_std;q_std;tau_std;loss
sub-00;0.0434709;0.365387;0.299283;0.0021923;0.0410445;0.00613568;0.0237331
sub-01;0.0538614;0.439539;0.250976;0.00306154;0.0419831;0.00611701;0.0472216
sub-02;0.0311594;-1e-15;0.231251;0.00329779;0.105836;0.0168444;0.0527458
sub-03;0.0190104;0.20868;0.274941;0.00194796;0.0959395;0.0149473;0.0184386
sub-04;0.0572532;0.274975;0.211865;0.00215252;0.03351;0.00514241;0.0226008
sub-05;0.0485389;0.418496;0.145516;0.00282266;0.0442492;0.00649652;0.0398649
sub-06;0.0249458;0.653267;0.362724;0.00173994;0.0334734;0.0044601;0.0179523
sub-07;0.0507929;-1e-15;0.440112;0.00246434;0.0485174;0.00772178;0.0294538
sub-08;0.0262406;0.40528;0.232661;0.000952565;0.0281173;0.00414735;0.00452281
sub-09;0.0354253;3.07763e-14;0.323865;0.00114853;0.0324212;0.00515999;0.00639775
sub-10;0.068777;0.489097;0.227166;0.00496832;0.049369;0.00705831;0.126985
sub-11;0.0358437;-1e-15;0.139548;0.00324328;0.0904839;0.014401;0.0510164
sub-12;0.0246455;0.546932;0.156013;0.00212031;0.0529017;0.00738691;0.023947
sub-13;0.0291012;-1e-15;0.463413;0.0036365;0.124961;0.0198881;0.0641371
sub-14;0.0314081;0.357467;0.308882;0.00283281;0.0740779;0.0111019;0.0395664
sub-15;0.00620056;0.769318;0.341305;0.00249161;0.129992;0.0163978;0.0463426
sub-16;0.0244895;0.54767;0.271138;0.00173488;0.0434973;0.00607184;0.0160407
sub-17;0.0448569;0.519518;0.198483;0.00246018;0.0355334;0.00501848;0.031661
sub-18;0.0515466;0.400343;0.217566;0.00181285;0.0274169;0.00405097;0.0163594
sub-19;0.0264571;0.624782;0.355659;0.00271634;0.0530832;0.00716498;0.0422189
sub-20;0.0187898;-9.85527e-16;0.0909108;0.0032821;0.174675;0.0278003;0.0522451
sub-21;0.0235499;-1e-15;0.0129105;0.00550922;0.233938;0.0372324;0.147205
sub-22;0.034038;-1e-15;-0.270345;0.00177236;0.0520701;0.00828721;0.0152351
sub-23;0.00866766;0.802232;-0.102707;0.00253053;0.0811675;0.0100765;0.0530161
sub-24;0.0330311;-1e-15;-0.482244;0.00284622;0.0861676;0.013714;0.0392896
sub-25;0.0404805;0.445222;0.190799;0.00266465;0.0482148;0.00701022;0.0358452
sub-26;0.0259702;0.422999;-0.317222;0.00155127;0.0451701;0.00662105;0.0120573
sub-27;0.0136814;0.786114;0.0244832;0.00217147;0.0476682;0.00596435;0.0369985
sub-28;0.0478271;0.119775;0.422302;0.00184326;0.0377176;0.00596033;0.0164818
sub-29;0.0144577;0.141628;0.390531;0.00182016;0.122151;0.0192488;0.0160744
sub-30;0.010785;0.757919;0.263735;0.00225894;0.0710361;0.00901024;0.0369372
sub-31;0.0247397;0.657634;0.393842;0.00184442;0.0353508;0.00470083;0.0202951
sub-32;0.0151536;0.423298;-0.187487;0.00182389;0.090979;0.0133343;0.0166691
sub-33;0.013256;0.794528;0.176553;0.00259654;0.0565488;0.00704661;0.054363
sub-34;0.0217539;-1e-15;0.179764;0.00202668;0.0931639;0.0148275;0.019921
sub-35;0.0282617;0.46907;0.241785;0.00313782;0.0784013;0.0112969;0.0501819
sub-36;0.0149467;0.226887;0.213979;0.00218877;0.135457;0.0210244;0.0232966
sub-37;0.00677901;0.811465;0.0923081;0.00181;0.0708076;0.00875075;0.0280521
sub-38;0.0234355;-1e-15;-0.237816;0.00244758;0.104439;0.0166219;0.0290546
sub-39;0.00181814;0.871338;-0.0504057;0.00210187;0.210077;0.0251462;0.0505356
