Subject;$RMSE_0$;$RMSE$;$R^2$
sub-00;0.0401775;0.0204487;0.74096
sub-01;0.0539884;0.0296869;0.697637
sub-02;0.0370171;0.0291986;0.377814
sub-03;0.0255814;0.0212227;0.311739
sub-04;0.0485784;0.0209057;0.814799
sub-05;0.0485504;0.0276354;0.675999
sub-06;0.0312957;0.016898;0.708458
sub-07;0.0429669;0.0216909;0.745149
sub-08;0.023655;0.00998266;0.821906
sub-09;0.0281001;0.010975;0.847456
sub-10;0.0728846;0.042456;0.660683
sub-11;0.0387229;0.0285376;0.456873
sub-12;0.0315521;0.0217963;0.522788
sub-13;0.0420145;0.0362443;0.255815
sub-14;0.0370857;0.0274211;0.453288
sub-15;0.0291667;0.0280257;0.0767095
sub-16;0.0287999;0.0180825;0.605784
sub-17;0.0472403;0.0248572;0.723128
sub-18;0.0453455;0.0172639;0.855053
sub-19;0.0409989;0.0308327;0.434439
sub-20;0.0358924;0.0331664;0.146132
sub-21;0.0520582;0.0491359;0.10912
sub-22;0.0300971;0.0169722;0.681999
sub-23;0.0294294;0.026144;0.210808
sub-24;0.0380319;0.029405;0.402213
sub-25;0.0425083;0.0254561;0.641378
sub-26;0.0253496;0.0138232;0.702648
sub-27;0.0340553;0.0283157;0.308671
sub-28;0.0390326;0.0168237;0.814224
sub-29;0.0212006;0.0183107;0.254039
sub-30;0.0317162;0.028594;0.18719
sub-31;0.0317857;0.0174679;0.697991
sub-32;0.0234145;0.0200141;0.269366
sub-33;0.0389492;0.0338612;0.244199
sub-34;0.0248727;0.0191394;0.407881
sub-35;0.0398092;0.0316731;0.366985
sub-36;0.0250473;0.0224136;0.199239
sub-37;0.0253395;0.0226614;0.200207
sub-38;0.0289269;0.0233218;0.349987
sub-39;0.0308637;0.0307276;0.00879869
