;Group;Condition;Subject;N_stimuli;N_blinks_window;Rbar;Z;P;Preferred latency (s);P_fdr_bh_group
0;HC;ODDBALL;sub-00;390;168;0.224158;8.44143;0.000198529;-0.460512;0.00119117
1;HC;RESTING;sub-00;390;183;0.0849604;1.32094;0.267212;0.147373;0.461311
2;HC;ODDBALL;sub-01;390;181;0.314121;17.8597;1.16426e-08;0.45464;2.44495e-07
3;HC;RESTING;sub-01;390;125;0.112482;1.58152;0.205936;0.215243;0.376057
4;HC;ODDBALL;sub-02;390;49;0.189267;1.75528;0.173247;0.492436;0.346494
5;HC;RESTING;sub-02;390;48;0.0651535;0.203759;0.817214;0.336009;0.927648
6;HC;ODDBALL;sub-03;390;86;0.0972309;0.813031;0.444762;-0.433421;0.644139
7;HC;RESTING;sub-03;390;101;0.0633367;0.405165;0.667935;-0.0971657;0.825096
8;HC;ODDBALL;sub-04;390;85;0.28567;6.93661;0.00087448;0.440846;0.00459102
9;HC;RESTING;sub-04;390;87;0.0338546;0.0997134;0.905589;0.217907;0.950869
10;HC;ODDBALL;sub-05;390;140;0.258732;9.37192;7.48579e-05;0.349693;0.000628807
11;HC;RESTING;sub-05;390;118;0.0440304;0.228763;0.7962;-0.497235;0.927648
12;HC;ODDBALL;sub-06;390;135;0.11137;1.67445;0.187602;-0.425908;0.358149
13;HC;RESTING;sub-06;390;158;0.0817398;1.05566;0.348513;0.0148228;0.562983
14;HC;ODDBALL;sub-07;390;130;0.262856;8.98213;0.000110842;-0.312255;0.000775897
15;HC;RESTING;sub-07;390;159;0.0613048;0.597567;0.550875;0.43598;0.771225
16;HC;ODDBALL;sub-08;390;190;0.124807;2.95959;0.0516455;0.478812;0.166855
17;HC;RESTING;sub-08;390;225;0.0153588;0.0530761;0.948417;-0.361991;0.971549
18;HC;ODDBALL;sub-09;390;86;0.17955;2.77249;0.062113;-0.407886;0.173916
19;HC;RESTING;sub-09;390;82;0.170142;2.37375;0.092877;0.170602;0.229461
20;HC;ODDBALL;sub-10;390;182;0.385283;27.0167;7.89591e-13;0.397641;3.31628e-11
21;HC;RESTING;sub-10;390;181;0.00486985;0.0042925;0.995728;0.344597;0.995728
22;HC;ODDBALL;sub-11;390;172;0.18267;5.73938;0.00311626;0.386589;0.0145426
23;HC;RESTING;sub-11;390;175;0.104487;1.91056;0.148034;-0.29141;0.31087
24;HC;ODDBALL;sub-12;390;133;0.157158;3.28494;0.0371436;0.484902;0.141821
25;HC;RESTING;sub-12;390;72;0.0763747;0.419982;0.658576;-0.0856638;0.825096
26;HC;ODDBALL;sub-13;390;107;0.155145;2.57548;0.0758517;-0.288787;0.199111
27;HC;RESTING;sub-13;390;115;0.0562163;0.363431;0.696186;-0.306926;0.835424
28;HC;ODDBALL;sub-14;390;87;0.186094;3.01291;0.0487128;-0.453513;0.166855
29;HC;RESTING;sub-14;390;65;0.0442807;0.127451;0.881144;-0.0700192;0.948924
30;HC;ODDBALL;sub-15;390;96;0.0423992;0.172579;0.842183;-0.449538;0.930834
31;HC;RESTING;sub-15;390;131;0.085156;0.949953;0.387499;-0.0540865;0.602776
32;HC;ODDBALL;sub-16;390;141;0.157394;3.49299;0.0301267;-0.448177;0.126532
33;HC;RESTING;sub-16;390;152;0.0592588;0.533764;0.587149;-0.2871;0.795493
34;HC;ODDBALL;sub-17;390;152;0.251158;9.58824;6.05449e-05;0.414315;0.000628807
35;HC;RESTING;sub-17;390;165;0.130978;2.83064;0.0587641;-0.400574;0.173916
36;HC;ODDBALL;sub-18;390;156;0.282047;12.4099;3.28502e-06;0.451898;4.59903e-05
37;HC;RESTING;sub-18;390;189;0.082734;1.29369;0.27459;-0.33792;0.461311
38;HC;ODDBALL;sub-19;390;117;0.135214;2.13909;0.117687;-0.494947;0.274603
39;HC;RESTING;sub-19;390;130;0.0562679;0.411591;0.66343;-0.481636;0.825096
40;HC;ODDBALL;sub-20;390;56;0.121046;0.820521;0.442119;0.366559;0.644139
41;HC;RESTING;sub-20;390;47;0.204849;1.97226;0.139187;-0.187958;0.307676
42;eMCS;ODDBALL;sub-21;390;65;0.107949;0.757439;0.470574;0.293059;0.739473
43;eMCS;RESTING;sub-21;390;68;0.153775;1.60799;0.200762;-0.374872;0.490751
44;pDoC;ODDBALL;sub-22;390;103;0.182842;3.44343;0.0315658;-0.0123167;0.505053
45;pDoC;RESTING;sub-22;390;107;0.0580149;0.360133;0.698547;-0.121766;0.877481
46;eMCS;ODDBALL;sub-23;390;109;0.083392;0.758011;0.469613;-0.15585;0.739473
47;eMCS;RESTING;sub-23;390;103;0.110483;1.25726;0.285081;0.470175;0.595905
48;pDoC;ODDBALL;sub-24;390;81;0.171419;2.38015;0.092276;-0.23864;0.738208
49;pDoC;RESTING;sub-24;390;79;0.0645727;0.329402;0.720608;0.000649664;0.877481
50;eMCS;ODDBALL;sub-25;390;118;0.211029;5.25493;0.00503166;0.424481;0.0553483
51;eMCS;RESTING;sub-25;390;92;0.0707305;0.460258;0.632339;0.403876;0.869466
52;pDoC;ODDBALL;sub-26;390;77;0.101352;0.790967;0.454822;-0.0528106;0.877481
53;pDoC;RESTING;sub-26;390;66;0.0674284;0.300075;0.742196;0.309233;0.877481
54;eMCS;ODDBALL;sub-27;390;130;0.011821;0.0181656;0.982066;0.361987;0.995479
55;eMCS;RESTING;sub-27;390;206;0.0113203;0.0263987;0.974008;0.0398721;0.995479
56;eMCS;ODDBALL;sub-28;390;190;0.251472;12.0153;5.13623e-06;-0.331251;0.000112997
57;eMCS;RESTING;sub-28;390;147;0.0497981;0.364538;0.695222;0.0302857;0.882793
58;pDoC;ODDBALL;sub-29;390;145;0.0678389;0.667307;0.513877;-0.343342;0.877481
59;pDoC;RESTING;sub-29;390;139;0.0538475;0.403038;0.669061;-0.0806286;0.877481
60;eMCS;ODDBALL;sub-30;390;65;0.00838119;0.00456589;0.995479;-0.380979;0.995479
61;eMCS;RESTING;sub-30;390;62;0.199128;2.45841;0.085177;-0.411935;0.490751
62;eMCS;ODDBALL;sub-31;390;126;0.134947;2.29456;0.10067;-0.288607;0.490751
63;eMCS;RESTING;sub-31;390;148;0.0469515;0.326257;0.722285;0.491604;0.882793
64;pDoC;ODDBALL;sub-32;390;122;0.0539947;0.355682;0.701536;0.0979706;0.877481
65;pDoC;RESTING;sub-32;390;110;0.0271063;0.0808226;0.922682;0.143124;0.977666
66;eMCS;ODDBALL;sub-33;390;67;0.0178054;0.0212411;0.979136;-0.446215;0.995479
67;eMCS;RESTING;sub-33;390;105;0.0777375;0.634527;0.531283;0.436936;0.779215
68;eMCS;ODDBALL;sub-34;390;57;0.119455;0.813362;0.445256;0.436823;0.739473
69;eMCS;RESTING;sub-34;390;129;0.126733;2.0719;0.125911;0.364324;0.490751
70;eMCS;ODDBALL;sub-35;390;85;0.119491;1.21365;0.297953;-0.457676;0.595905
71;eMCS;RESTING;sub-35;390;112;0.125106;1.75298;0.173426;0.343493;0.490751
72;pDoC;ODDBALL;sub-36;390;86;0.0740108;0.471073;0.625642;0.449095;0.877481
73;pDoC;RESTING;sub-36;390;93;0.0534276;0.26547;0.767795;-0.0590582;0.877481
74;pDoC;ODDBALL;sub-37;390;116;0.013984;0.0226842;0.977666;0.392115;0.977666
75;pDoC;RESTING;sub-37;390;83;0.0797188;0.527472;0.591479;0.125631;0.877481
76;eMCS;ODDBALL;sub-38;390;108;0.124428;1.6721;0.188093;0.00541362;0.490751
77;eMCS;RESTING;sub-38;390;150;0.109433;1.79635;0.166006;0.387934;0.490751
78;pDoC;ODDBALL;sub-39;390;87;0.0726758;0.459515;0.632878;-0.211353;0.877481
79;pDoC;RESTING;sub-39;390;118;0.0921223;1.00141;0.368144;0.0747101;0.877481
