;Subject;RMSE0;RMSE0_intp;RMSE1;RMSE1_intp;Rsquared1;Rsquared1_intp
0;sub-00;0.0401775;0.0364386;0.0204487;0.0154055;0.74096;0.821256
1;sub-01;0.0539884;0.0476453;0.0296869;0.0217305;0.697637;0.791983
2;sub-02;0.0370171;0.0318263;0.0291986;0.0229665;0.377814;0.479265
3;sub-03;0.0255814;0.0193212;0.0212227;0.0135789;0.311739;0.506079
4;sub-04;0.0485784;0.0447105;0.0209057;0.0150336;0.814799;0.886941
5;sub-05;0.0485504;0.0427409;0.0276354;0.0199662;0.675999;0.781776
6;sub-06;0.0312957;0.0268757;0.016898;0.0133986;0.708458;0.751458
7;sub-07;0.0429669;0.0398057;0.0216909;0.0171621;0.745149;0.814112
8;sub-08;0.023655;0.0213816;0.00998266;0.00672519;0.821906;0.90107
9;sub-09;0.0281001;0.0262955;0.010975;0.0079986;0.847456;0.907474
10;sub-10;0.0728846;0.0661715;0.042456;0.0356349;0.660683;0.709992
11;sub-11;0.0387229;0.0339492;0.0285376;0.0225868;0.456873;0.557361
12;sub-12;0.0315521;0.0259382;0.0217963;0.0154748;0.522788;0.644065
13;sub-13;0.0420145;0.0326314;0.0362443;0.0253253;0.255815;0.397666
14;sub-14;0.0370857;0.0310025;0.0274211;0.0198913;0.453288;0.588346
15;sub-15;0.0291667;0.0225948;0.0280257;0.0215273;0.0767095;0.0922562
16;sub-16;0.0287999;0.0242642;0.0180825;0.0126652;0.605784;0.727548
17;sub-17;0.0472403;0.0411655;0.0248572;0.0177935;0.723128;0.813165
18;sub-18;0.0453455;0.0417814;0.0172639;0.0127904;0.855053;0.906287
19;sub-19;0.0409989;0.0315638;0.0308327;0.0205472;0.434439;0.576232
20;sub-20;0.0358924;0.0264382;0.0331664;0.0228572;0.146132;0.252552
21;sub-21;0.0520582;0.0418252;0.0491359;0.0383673;0.10912;0.158516
22;sub-22;0.0300971;0.0270489;0.0169722;0.0123431;0.681999;0.791768
23;sub-23;0.0294294;0.0252102;0.026144;0.0230252;0.210808;0.165827
24;sub-24;0.0380319;0.0306337;0.029405;0.0198216;0.402213;0.581324
25;sub-25;0.0425083;0.0371531;0.0254561;0.0189328;0.641378;0.740318
26;sub-26;0.0253496;0.0230497;0.0138232;0.0109806;0.702648;0.773055
27;sub-27;0.0340553;0.0247986;0.0283157;0.019235;0.308671;0.398369
28;sub-28;0.0390326;0.036403;0.0168237;0.0128381;0.814224;0.875626
29;sub-29;0.0212006;0.0163522;0.0183107;0.0126785;0.254039;0.398855
30;sub-30;0.0317162;0.0224952;0.028594;0.019219;0.18719;0.270067
31;sub-31;0.0317857;0.0272432;0.0174679;0.0142461;0.697991;0.726551
32;sub-32;0.0234145;0.0175092;0.0200141;0.0129109;0.269366;0.456271
33;sub-33;0.0389492;0.0279627;0.0338612;0.0233159;0.244199;0.304742
34;sub-34;0.0248727;0.0208765;0.0191394;0.0141142;0.407881;0.542914
35;sub-35;0.0398092;0.0318409;0.0316731;0.0224013;0.366985;0.505031
36;sub-36;0.0250473;0.0187278;0.0224136;0.0152632;0.199239;0.335767
37;sub-37;0.0253395;0.0186494;0.0226614;0.0167488;0.200207;0.193442
38;sub-38;0.0289269;0.023773;0.0233218;0.0170454;0.349987;0.485903
39;sub-39;0.0308637;0.0226323;0.0307276;0.0224801;0.00879869;0.0134016
