;;Kruskal-Wallis;Kruskal-Wallis;Kruskal-Wallis;Conover;Conover;Conover
;;H (df=2);p;η²;HC vs. eMCS;eMCS vs. pDoC;HC vs. pDoC
A;ODDBALL;9.61;0.008**;0.247;0.011* (0.021*);0.651 (0.651);0.006** (0.018*)
q;ODDBALL;0.749;0.688;0.0192;;;
tau;ODDBALL;9.74;0.008**;0.25;0.078◆ (0.156);0.118 (0.156);0.002** (0.005**)
A_std;ODDBALL;4.57;0.102;0.117;;;
q_std;ODDBALL;4.59;0.101;0.118;;;
tau_std;ODDBALL;4.36;0.113;0.112;;;
loss;ODDBALL;3.57;0.168;0.0914;;;
$\Delta$;ODDBALL;10.6;0.005**;0.271;0.241 (0.241);0.024* (0.047*);0.001*** (0.002**)
$RMSE_0$;ODDBALL;9.68;0.008**;0.248;0.469 (0.469);0.016* (0.032*);0.001** (0.004**)
$RMSE$;ODDBALL;1.56;0.459;0.0399;;;
$R^2$;ODDBALL;7.13;0.028*;0.183;0.034* (0.069◆);0.673 (0.673);0.019* (0.058◆)
