Group,Condition,Subject,Time,Counts,N_blinks
HC,ODDBALL,sub-00,-0.45,21.0,168
HC,ODDBALL,sub-00,-0.35000000000000003,15.0,168
HC,ODDBALL,sub-00,-0.25,22.0,168
HC,ODDBALL,sub-00,-0.14999999999999997,19.0,168
HC,ODDBALL,sub-00,-0.049999999999999975,9.0,168
HC,ODDBALL,sub-00,0.05,10.0,168
HC,ODDBALL,sub-00,0.15000000000000008,9.0,168
HC,ODDBALL,sub-00,0.25000000000000006,12.0,168
HC,ODDBALL,sub-00,0.35000000000000003,20.0,168
HC,ODDBALL,sub-00,0.45,31.0,168
HC,RESTING,sub-00,-0.45,14.0,183
HC,RESTING,sub-00,-0.35000000000000003,13.0,183
HC,RESTING,sub-00,-0.25,19.0,183
HC,RESTING,sub-00,-0.14999999999999997,19.0,183
HC,RESTING,sub-00,-0.049999999999999975,18.0,183
HC,RESTING,sub-00,0.05,18.0,183
HC,RESTING,sub-00,0.15000000000000008,25.0,183
HC,RESTING,sub-00,0.25000000000000006,20.0,183
HC,RESTING,sub-00,0.35000000000000003,18.0,183
HC,RESTING,sub-00,0.45,19.0,183
HC,ODDBALL,sub-01,-0.45,20.0,181
HC,ODDBALL,sub-01,-0.35000000000000003,23.0,181
HC,ODDBALL,sub-01,-0.25,12.0,181
HC,ODDBALL,sub-01,-0.14999999999999997,12.0,181
HC,ODDBALL,sub-01,-0.049999999999999975,11.0,181
HC,ODDBALL,sub-01,0.05,9.0,181
HC,ODDBALL,sub-01,0.15000000000000008,13.0,181
HC,ODDBALL,sub-01,0.25000000000000006,11.0,181
HC,ODDBALL,sub-01,0.35000000000000003,41.0,181
HC,ODDBALL,sub-01,0.45,29.0,181
HC,RESTING,sub-01,-0.45,7.0,125
HC,RESTING,sub-01,-0.35000000000000003,9.0,125
HC,RESTING,sub-01,-0.25,12.0,125
HC,RESTING,sub-01,-0.14999999999999997,7.0,125
HC,RESTING,sub-01,-0.049999999999999975,15.0,125
HC,RESTING,sub-01,0.05,15.0,125
HC,RESTING,sub-01,0.15000000000000008,15.0,125
HC,RESTING,sub-01,0.25000000000000006,15.0,125
HC,RESTING,sub-01,0.35000000000000003,13.0,125
HC,RESTING,sub-01,0.45,18.0,125
HC,ODDBALL,sub-02,-0.45,7.0,49
HC,ODDBALL,sub-02,-0.35000000000000003,6.0,49
HC,ODDBALL,sub-02,-0.25,6.0,49
HC,ODDBALL,sub-02,-0.14999999999999997,2.0,49
HC,ODDBALL,sub-02,-0.049999999999999975,2.0,49
HC,ODDBALL,sub-02,0.05,5.0,49
HC,ODDBALL,sub-02,0.15000000000000008,5.0,49
HC,ODDBALL,sub-02,0.25000000000000006,6.0,49
HC,ODDBALL,sub-02,0.35000000000000003,3.0,49
HC,ODDBALL,sub-02,0.45,7.0,49
HC,RESTING,sub-02,-0.45,8.0,48
HC,RESTING,sub-02,-0.35000000000000003,5.0,48
HC,RESTING,sub-02,-0.25,1.0,48
HC,RESTING,sub-02,-0.14999999999999997,5.0,48
HC,RESTING,sub-02,-0.049999999999999975,5.0,48
HC,RESTING,sub-02,0.05,6.0,48
HC,RESTING,sub-02,0.15000000000000008,4.0,48
HC,RESTING,sub-02,0.25000000000000006,4.0,48
HC,RESTING,sub-02,0.35000000000000003,8.0,48
HC,RESTING,sub-02,0.45,2.0,48
HC,ODDBALL,sub-03,-0.45,13.0,86
HC,ODDBALL,sub-03,-0.35000000000000003,8.0,86
HC,ODDBALL,sub-03,-0.25,8.0,86
HC,ODDBALL,sub-03,-0.14999999999999997,10.0,86
HC,ODDBALL,sub-03,-0.049999999999999975,5.0,86
HC,ODDBALL,sub-03,0.05,9.0,86
HC,ODDBALL,sub-03,0.15000000000000008,6.0,86
HC,ODDBALL,sub-03,0.25000000000000006,8.0,86
HC,ODDBALL,sub-03,0.35000000000000003,11.0,86
HC,ODDBALL,sub-03,0.45,8.0,86
HC,RESTING,sub-03,-0.45,6.0,101
HC,RESTING,sub-03,-0.35000000000000003,9.0,101
HC,RESTING,sub-03,-0.25,14.0,101
HC,RESTING,sub-03,-0.14999999999999997,13.0,101
HC,RESTING,sub-03,-0.049999999999999975,10.0,101
HC,RESTING,sub-03,0.05,8.0,101
HC,RESTING,sub-03,0.15000000000000008,12.0,101
HC,RESTING,sub-03,0.25000000000000006,9.0,101
HC,RESTING,sub-03,0.35000000000000003,11.0,101
HC,RESTING,sub-03,0.45,9.0,101
HC,ODDBALL,sub-04,-0.45,14.0,85
HC,ODDBALL,sub-04,-0.35000000000000003,9.0,85
HC,ODDBALL,sub-04,-0.25,5.0,85
HC,ODDBALL,sub-04,-0.14999999999999997,6.0,85
HC,ODDBALL,sub-04,-0.049999999999999975,7.0,85
HC,ODDBALL,sub-04,0.05,1.0,85
HC,ODDBALL,sub-04,0.15000000000000008,6.0,85
HC,ODDBALL,sub-04,0.25000000000000006,10.0,85
HC,ODDBALL,sub-04,0.35000000000000003,15.0,85
HC,ODDBALL,sub-04,0.45,12.0,85
HC,RESTING,sub-04,-0.45,6.0,87
HC,RESTING,sub-04,-0.35000000000000003,12.0,87
HC,RESTING,sub-04,-0.25,7.0,87
HC,RESTING,sub-04,-0.14999999999999997,10.0,87
HC,RESTING,sub-04,-0.049999999999999975,7.0,87
HC,RESTING,sub-04,0.05,9.0,87
HC,RESTING,sub-04,0.15000000000000008,9.0,87
HC,RESTING,sub-04,0.25000000000000006,8.0,87
HC,RESTING,sub-04,0.35000000000000003,11.0,87
HC,RESTING,sub-04,0.45,8.0,87
HC,ODDBALL,sub-05,-0.45,17.0,140
HC,ODDBALL,sub-05,-0.35000000000000003,7.0,140
HC,ODDBALL,sub-05,-0.25,15.0,140
HC,ODDBALL,sub-05,-0.14999999999999997,7.0,140
HC,ODDBALL,sub-05,-0.049999999999999975,9.0,140
HC,ODDBALL,sub-05,0.05,8.0,140
HC,ODDBALL,sub-05,0.15000000000000008,12.0,140
HC,ODDBALL,sub-05,0.25000000000000006,26.0,140
HC,ODDBALL,sub-05,0.35000000000000003,26.0,140
HC,ODDBALL,sub-05,0.45,13.0,140
HC,RESTING,sub-05,-0.45,18.0,118
HC,RESTING,sub-05,-0.35000000000000003,11.0,118
HC,RESTING,sub-05,-0.25,10.0,118
HC,RESTING,sub-05,-0.14999999999999997,13.0,118
HC,RESTING,sub-05,-0.049999999999999975,13.0,118
HC,RESTING,sub-05,0.05,11.0,118
HC,RESTING,sub-05,0.15000000000000008,7.0,118
HC,RESTING,sub-05,0.25000000000000006,15.0,118
HC,RESTING,sub-05,0.35000000000000003,13.0,118
HC,RESTING,sub-05,0.45,7.0,118
HC,ODDBALL,sub-06,-0.45,17.0,135
HC,ODDBALL,sub-06,-0.35000000000000003,13.0,135
HC,ODDBALL,sub-06,-0.25,14.0,135
HC,ODDBALL,sub-06,-0.14999999999999997,10.0,135
HC,ODDBALL,sub-06,-0.049999999999999975,13.0,135
HC,ODDBALL,sub-06,0.05,15.0,135
HC,ODDBALL,sub-06,0.15000000000000008,12.0,135
HC,ODDBALL,sub-06,0.25000000000000006,6.0,135
HC,ODDBALL,sub-06,0.35000000000000003,12.0,135
HC,ODDBALL,sub-06,0.45,23.0,135
HC,RESTING,sub-06,-0.45,11.0,158
HC,RESTING,sub-06,-0.35000000000000003,11.0,158
HC,RESTING,sub-06,-0.25,19.0,158
HC,RESTING,sub-06,-0.14999999999999997,19.0,158
HC,RESTING,sub-06,-0.049999999999999975,14.0,158
HC,RESTING,sub-06,0.05,19.0,158
HC,RESTING,sub-06,0.15000000000000008,15.0,158
HC,RESTING,sub-06,0.25000000000000006,23.0,158
HC,RESTING,sub-06,0.35000000000000003,11.0,158
HC,RESTING,sub-06,0.45,16.0,158
HC,ODDBALL,sub-07,-0.45,12.0,130
HC,ODDBALL,sub-07,-0.35000000000000003,22.0,130
HC,ODDBALL,sub-07,-0.25,20.0,130
HC,ODDBALL,sub-07,-0.14999999999999997,20.0,130
HC,ODDBALL,sub-07,-0.049999999999999975,10.0,130
HC,ODDBALL,sub-07,0.05,7.0,130
HC,ODDBALL,sub-07,0.15000000000000008,6.0,130
HC,ODDBALL,sub-07,0.25000000000000006,7.0,130
HC,ODDBALL,sub-07,0.35000000000000003,14.0,130
HC,ODDBALL,sub-07,0.45,12.0,130
HC,RESTING,sub-07,-0.45,16.0,159
HC,RESTING,sub-07,-0.35000000000000003,24.0,159
HC,RESTING,sub-07,-0.25,15.0,159
HC,RESTING,sub-07,-0.14999999999999997,14.0,159
HC,RESTING,sub-07,-0.049999999999999975,9.0,159
HC,RESTING,sub-07,0.05,14.0,159
HC,RESTING,sub-07,0.15000000000000008,19.0,159
HC,RESTING,sub-07,0.25000000000000006,24.0,159
HC,RESTING,sub-07,0.35000000000000003,9.0,159
HC,RESTING,sub-07,0.45,15.0,159
HC,ODDBALL,sub-08,-0.45,23.0,190
HC,ODDBALL,sub-08,-0.35000000000000003,17.0,190
HC,ODDBALL,sub-08,-0.25,22.0,190
HC,ODDBALL,sub-08,-0.14999999999999997,17.0,190
HC,ODDBALL,sub-08,-0.049999999999999975,13.0,190
HC,ODDBALL,sub-08,0.05,15.0,190
HC,ODDBALL,sub-08,0.15000000000000008,13.0,190
HC,ODDBALL,sub-08,0.25000000000000006,20.0,190
HC,ODDBALL,sub-08,0.35000000000000003,27.0,190
HC,ODDBALL,sub-08,0.45,23.0,190
HC,RESTING,sub-08,-0.45,18.0,225
HC,RESTING,sub-08,-0.35000000000000003,27.0,225
HC,RESTING,sub-08,-0.25,21.0,225
HC,RESTING,sub-08,-0.14999999999999997,19.0,225
HC,RESTING,sub-08,-0.049999999999999975,28.0,225
HC,RESTING,sub-08,0.05,20.0,225
HC,RESTING,sub-08,0.15000000000000008,24.0,225
HC,RESTING,sub-08,0.25000000000000006,19.0,225
HC,RESTING,sub-08,0.35000000000000003,19.0,225
HC,RESTING,sub-08,0.45,30.0,225
HC,ODDBALL,sub-09,-0.45,10.0,86
HC,ODDBALL,sub-09,-0.35000000000000003,13.0,86
HC,ODDBALL,sub-09,-0.25,10.0,86
HC,ODDBALL,sub-09,-0.14999999999999997,7.0,86
HC,ODDBALL,sub-09,-0.049999999999999975,7.0,86
HC,ODDBALL,sub-09,0.05,6.0,86
HC,ODDBALL,sub-09,0.15000000000000008,5.0,86
HC,ODDBALL,sub-09,0.25000000000000006,7.0,86
HC,ODDBALL,sub-09,0.35000000000000003,10.0,86
HC,ODDBALL,sub-09,0.45,11.0,86
HC,RESTING,sub-09,-0.45,7.0,82
HC,RESTING,sub-09,-0.35000000000000003,4.0,82
HC,RESTING,sub-09,-0.25,5.0,82
HC,RESTING,sub-09,-0.14999999999999997,8.0,82
HC,RESTING,sub-09,-0.049999999999999975,7.0,82
HC,RESTING,sub-09,0.05,13.0,82
HC,RESTING,sub-09,0.15000000000000008,12.0,82
HC,RESTING,sub-09,0.25000000000000006,10.0,82
HC,RESTING,sub-09,0.35000000000000003,6.0,82
HC,RESTING,sub-09,0.45,10.0,82
HC,ODDBALL,sub-10,-0.45,13.0,182
HC,ODDBALL,sub-10,-0.35000000000000003,15.0,182
HC,ODDBALL,sub-10,-0.25,11.0,182
HC,ODDBALL,sub-10,-0.14999999999999997,9.0,182
HC,ODDBALL,sub-10,-0.049999999999999975,12.0,182
HC,ODDBALL,sub-10,0.05,10.0,182
HC,ODDBALL,sub-10,0.15000000000000008,6.0,182
HC,ODDBALL,sub-10,0.25000000000000006,20.0,182
HC,ODDBALL,sub-10,0.35000000000000003,50.0,182
HC,ODDBALL,sub-10,0.45,36.0,182
HC,RESTING,sub-10,-0.45,15.0,181
HC,RESTING,sub-10,-0.35000000000000003,20.0,181
HC,RESTING,sub-10,-0.25,24.0,181
HC,RESTING,sub-10,-0.14999999999999997,11.0,181
HC,RESTING,sub-10,-0.049999999999999975,19.0,181
HC,RESTING,sub-10,0.05,15.0,181
HC,RESTING,sub-10,0.15000000000000008,27.0,181
HC,RESTING,sub-10,0.25000000000000006,15.0,181
HC,RESTING,sub-10,0.35000000000000003,14.0,181
HC,RESTING,sub-10,0.45,22.0,181
HC,ODDBALL,sub-11,-0.45,22.0,172
HC,ODDBALL,sub-11,-0.35000000000000003,9.0,172
HC,ODDBALL,sub-11,-0.25,15.0,172
HC,ODDBALL,sub-11,-0.14999999999999997,10.0,172
HC,ODDBALL,sub-11,-0.049999999999999975,19.0,172
HC,ODDBALL,sub-11,0.05,13.0,172
HC,ODDBALL,sub-11,0.15000000000000008,11.0,172
HC,ODDBALL,sub-11,0.25000000000000006,18.0,172
HC,ODDBALL,sub-11,0.35000000000000003,31.0,172
HC,ODDBALL,sub-11,0.45,24.0,172
HC,RESTING,sub-11,-0.45,14.0,175
HC,RESTING,sub-11,-0.35000000000000003,17.0,175
HC,RESTING,sub-11,-0.25,23.0,175
HC,RESTING,sub-11,-0.14999999999999997,23.0,175
HC,RESTING,sub-11,-0.049999999999999975,20.0,175
HC,RESTING,sub-11,0.05,8.0,175
HC,RESTING,sub-11,0.15000000000000008,17.0,175
HC,RESTING,sub-11,0.25000000000000006,16.0,175
HC,RESTING,sub-11,0.35000000000000003,11.0,175
HC,RESTING,sub-11,0.45,26.0,175
HC,ODDBALL,sub-12,-0.45,17.0,133
HC,ODDBALL,sub-12,-0.35000000000000003,13.0,133
HC,ODDBALL,sub-12,-0.25,15.0,133
HC,ODDBALL,sub-12,-0.14999999999999997,9.0,133
HC,ODDBALL,sub-12,-0.049999999999999975,12.0,133
HC,ODDBALL,sub-12,0.05,5.0,133
HC,ODDBALL,sub-12,0.15000000000000008,13.0,133
HC,ODDBALL,sub-12,0.25000000000000006,19.0,133
HC,ODDBALL,sub-12,0.35000000000000003,11.0,133
HC,ODDBALL,sub-12,0.45,19.0,133
HC,RESTING,sub-12,-0.45,9.0,72
HC,RESTING,sub-12,-0.35000000000000003,7.0,72
HC,RESTING,sub-12,-0.25,4.0,72
HC,RESTING,sub-12,-0.14999999999999997,11.0,72
HC,RESTING,sub-12,-0.049999999999999975,9.0,72
HC,RESTING,sub-12,0.05,7.0,72
HC,RESTING,sub-12,0.15000000000000008,8.0,72
HC,RESTING,sub-12,0.25000000000000006,5.0,72
HC,RESTING,sub-12,0.35000000000000003,7.0,72
HC,RESTING,sub-12,0.45,5.0,72
HC,ODDBALL,sub-13,-0.45,4.0,107
HC,ODDBALL,sub-13,-0.35000000000000003,16.0,107
HC,ODDBALL,sub-13,-0.25,12.0,107
HC,ODDBALL,sub-13,-0.14999999999999997,18.0,107
HC,ODDBALL,sub-13,-0.049999999999999975,9.0,107
HC,ODDBALL,sub-13,0.05,9.0,107
HC,ODDBALL,sub-13,0.15000000000000008,5.0,107
HC,ODDBALL,sub-13,0.25000000000000006,8.0,107
HC,ODDBALL,sub-13,0.35000000000000003,10.0,107
HC,ODDBALL,sub-13,0.45,16.0,107
HC,RESTING,sub-13,-0.45,14.0,115
HC,RESTING,sub-13,-0.35000000000000003,10.0,115
HC,RESTING,sub-13,-0.25,11.0,115
HC,RESTING,sub-13,-0.14999999999999997,19.0,115
HC,RESTING,sub-13,-0.049999999999999975,8.0,115
HC,RESTING,sub-13,0.05,9.0,115
HC,RESTING,sub-13,0.15000000000000008,12.0,115
HC,RESTING,sub-13,0.25000000000000006,8.0,115
HC,RESTING,sub-13,0.35000000000000003,14.0,115
HC,RESTING,sub-13,0.45,10.0,115
HC,ODDBALL,sub-14,-0.45,12.0,87
HC,ODDBALL,sub-14,-0.35000000000000003,13.0,87
HC,ODDBALL,sub-14,-0.25,4.0,87
HC,ODDBALL,sub-14,-0.14999999999999997,9.0,87
HC,ODDBALL,sub-14,-0.049999999999999975,11.0,87
HC,ODDBALL,sub-14,0.05,4.0,87
HC,ODDBALL,sub-14,0.15000000000000008,6.0,87
HC,ODDBALL,sub-14,0.25000000000000006,6.0,87
HC,ODDBALL,sub-14,0.35000000000000003,11.0,87
HC,ODDBALL,sub-14,0.45,11.0,87
HC,RESTING,sub-14,-0.45,8.0,65
HC,RESTING,sub-14,-0.35000000000000003,5.0,65
HC,RESTING,sub-14,-0.25,5.0,65
HC,RESTING,sub-14,-0.14999999999999997,7.0,65
HC,RESTING,sub-14,-0.049999999999999975,7.0,65
HC,RESTING,sub-14,0.05,8.0,65
HC,RESTING,sub-14,0.15000000000000008,7.0,65
HC,RESTING,sub-14,0.25000000000000006,7.0,65
HC,RESTING,sub-14,0.35000000000000003,4.0,65
HC,RESTING,sub-14,0.45,7.0,65
HC,ODDBALL,sub-15,-0.45,8.0,96
HC,ODDBALL,sub-15,-0.35000000000000003,6.0,96
HC,ODDBALL,sub-15,-0.25,13.0,96
HC,ODDBALL,sub-15,-0.14999999999999997,13.0,96
HC,ODDBALL,sub-15,-0.049999999999999975,6.0,96
HC,ODDBALL,sub-15,0.05,8.0,96
HC,ODDBALL,sub-15,0.15000000000000008,12.0,96
HC,ODDBALL,sub-15,0.25000000000000006,7.0,96
HC,ODDBALL,sub-15,0.35000000000000003,10.0,96
HC,ODDBALL,sub-15,0.45,13.0,96
HC,RESTING,sub-15,-0.45,11.0,131
HC,RESTING,sub-15,-0.35000000000000003,12.0,131
HC,RESTING,sub-15,-0.25,13.0,131
HC,RESTING,sub-15,-0.14999999999999997,15.0,131
HC,RESTING,sub-15,-0.049999999999999975,15.0,131
HC,RESTING,sub-15,0.05,20.0,131
HC,RESTING,sub-15,0.15000000000000008,10.0,131
HC,RESTING,sub-15,0.25000000000000006,13.0,131
HC,RESTING,sub-15,0.35000000000000003,8.0,131
HC,RESTING,sub-15,0.45,14.0,131
HC,ODDBALL,sub-16,-0.45,18.0,141
HC,ODDBALL,sub-16,-0.35000000000000003,17.0,141
HC,ODDBALL,sub-16,-0.25,16.0,141
HC,ODDBALL,sub-16,-0.14999999999999997,12.0,141
HC,ODDBALL,sub-16,-0.049999999999999975,12.0,141
HC,ODDBALL,sub-16,0.05,15.0,141
HC,ODDBALL,sub-16,0.15000000000000008,4.0,141
HC,ODDBALL,sub-16,0.25000000000000006,13.0,141
HC,ODDBALL,sub-16,0.35000000000000003,19.0,141
HC,ODDBALL,sub-16,0.45,15.0,141
HC,RESTING,sub-16,-0.45,13.0,152
HC,RESTING,sub-16,-0.35000000000000003,18.0,152
HC,RESTING,sub-16,-0.25,17.0,152
HC,RESTING,sub-16,-0.14999999999999997,16.0,152
HC,RESTING,sub-16,-0.049999999999999975,13.0,152
HC,RESTING,sub-16,0.05,20.0,152
HC,RESTING,sub-16,0.15000000000000008,13.0,152
HC,RESTING,sub-16,0.25000000000000006,9.0,152
HC,RESTING,sub-16,0.35000000000000003,13.0,152
HC,RESTING,sub-16,0.45,20.0,152
HC,ODDBALL,sub-17,-0.45,26.0,152
HC,ODDBALL,sub-17,-0.35000000000000003,10.0,152
HC,ODDBALL,sub-17,-0.25,11.0,152
HC,ODDBALL,sub-17,-0.14999999999999997,11.0,152
HC,ODDBALL,sub-17,-0.049999999999999975,13.0,152
HC,ODDBALL,sub-17,0.05,7.0,152
HC,ODDBALL,sub-17,0.15000000000000008,7.0,152
HC,ODDBALL,sub-17,0.25000000000000006,24.0,152
HC,ODDBALL,sub-17,0.35000000000000003,26.0,152
HC,ODDBALL,sub-17,0.45,17.0,152
HC,RESTING,sub-17,-0.45,17.0,165
HC,RESTING,sub-17,-0.35000000000000003,19.0,165
HC,RESTING,sub-17,-0.25,12.0,165
HC,RESTING,sub-17,-0.14999999999999997,27.0,165
HC,RESTING,sub-17,-0.049999999999999975,12.0,165
HC,RESTING,sub-17,0.05,13.0,165
HC,RESTING,sub-17,0.15000000000000008,9.0,165
HC,RESTING,sub-17,0.25000000000000006,13.0,165
HC,RESTING,sub-17,0.35000000000000003,12.0,165
HC,RESTING,sub-17,0.45,31.0,165
HC,ODDBALL,sub-18,-0.45,16.0,156
HC,ODDBALL,sub-18,-0.35000000000000003,16.0,156
HC,ODDBALL,sub-18,-0.25,15.0,156
HC,ODDBALL,sub-18,-0.14999999999999997,14.0,156
HC,ODDBALL,sub-18,-0.049999999999999975,5.0,156
HC,ODDBALL,sub-18,0.05,10.0,156
HC,ODDBALL,sub-18,0.15000000000000008,7.0,156
HC,ODDBALL,sub-18,0.25000000000000006,19.0,156
HC,ODDBALL,sub-18,0.35000000000000003,29.0,156
HC,ODDBALL,sub-18,0.45,25.0,156
HC,RESTING,sub-18,-0.45,19.0,189
HC,RESTING,sub-18,-0.35000000000000003,15.0,189
HC,RESTING,sub-18,-0.25,27.0,189
HC,RESTING,sub-18,-0.14999999999999997,19.0,189
HC,RESTING,sub-18,-0.049999999999999975,19.0,189
HC,RESTING,sub-18,0.05,17.0,189
HC,RESTING,sub-18,0.15000000000000008,13.0,189
HC,RESTING,sub-18,0.25000000000000006,15.0,189
HC,RESTING,sub-18,0.35000000000000003,22.0,189
HC,RESTING,sub-18,0.45,23.0,189
HC,ODDBALL,sub-19,-0.45,12.0,117
HC,ODDBALL,sub-19,-0.35000000000000003,14.0,117
HC,ODDBALL,sub-19,-0.25,6.0,117
HC,ODDBALL,sub-19,-0.14999999999999997,16.0,117
HC,ODDBALL,sub-19,-0.049999999999999975,8.0,117
HC,ODDBALL,sub-19,0.05,12.0,117
HC,ODDBALL,sub-19,0.15000000000000008,7.0,117
HC,ODDBALL,sub-19,0.25000000000000006,9.0,117
HC,ODDBALL,sub-19,0.35000000000000003,10.0,117
HC,ODDBALL,sub-19,0.45,23.0,117
HC,RESTING,sub-19,-0.45,13.0,130
HC,RESTING,sub-19,-0.35000000000000003,18.0,130
HC,RESTING,sub-19,-0.25,8.0,130
HC,RESTING,sub-19,-0.14999999999999997,14.0,130
HC,RESTING,sub-19,-0.049999999999999975,15.0,130
HC,RESTING,sub-19,0.05,8.0,130
HC,RESTING,sub-19,0.15000000000000008,13.0,130
HC,RESTING,sub-19,0.25000000000000006,13.0,130
HC,RESTING,sub-19,0.35000000000000003,15.0,130
HC,RESTING,sub-19,0.45,13.0,130
HC,ODDBALL,sub-20,-0.45,7.0,56
HC,ODDBALL,sub-20,-0.35000000000000003,7.0,56
HC,ODDBALL,sub-20,-0.25,3.0,56
HC,ODDBALL,sub-20,-0.14999999999999997,3.0,56
HC,ODDBALL,sub-20,-0.049999999999999975,8.0,56
HC,ODDBALL,sub-20,0.05,3.0,56
HC,ODDBALL,sub-20,0.15000000000000008,7.0,56
HC,ODDBALL,sub-20,0.25000000000000006,6.0,56
HC,ODDBALL,sub-20,0.35000000000000003,8.0,56
HC,ODDBALL,sub-20,0.45,4.0,56
HC,RESTING,sub-20,-0.45,3.0,47
HC,RESTING,sub-20,-0.35000000000000003,6.0,47
HC,RESTING,sub-20,-0.25,8.0,47
HC,RESTING,sub-20,-0.14999999999999997,5.0,47
HC,RESTING,sub-20,-0.049999999999999975,6.0,47
HC,RESTING,sub-20,0.05,4.0,47
HC,RESTING,sub-20,0.15000000000000008,3.0,47
HC,RESTING,sub-20,0.25000000000000006,5.0,47
HC,RESTING,sub-20,0.35000000000000003,2.0,47
HC,RESTING,sub-20,0.45,5.0,47
eMCS,ODDBALL,sub-21,-0.45,5.0,65
eMCS,ODDBALL,sub-21,-0.35000000000000003,3.0,65
eMCS,ODDBALL,sub-21,-0.25,2.0,65
eMCS,ODDBALL,sub-21,-0.14999999999999997,10.0,65
eMCS,ODDBALL,sub-21,-0.049999999999999975,9.0,65
eMCS,ODDBALL,sub-21,0.05,2.0,65
eMCS,ODDBALL,sub-21,0.15000000000000008,6.0,65
eMCS,ODDBALL,sub-21,0.25000000000000006,11.0,65
eMCS,ODDBALL,sub-21,0.35000000000000003,6.0,65
eMCS,ODDBALL,sub-21,0.45,11.0,65
eMCS,RESTING,sub-21,-0.45,7.0,68
eMCS,RESTING,sub-21,-0.35000000000000003,10.0,68
eMCS,RESTING,sub-21,-0.25,10.0,68
eMCS,RESTING,sub-21,-0.14999999999999997,8.0,68
eMCS,RESTING,sub-21,-0.049999999999999975,4.0,68
eMCS,RESTING,sub-21,0.05,4.0,68
eMCS,RESTING,sub-21,0.15000000000000008,5.0,68
eMCS,RESTING,sub-21,0.25000000000000006,9.0,68
eMCS,RESTING,sub-21,0.35000000000000003,7.0,68
eMCS,RESTING,sub-21,0.45,4.0,68
pDoC,ODDBALL,sub-22,-0.45,7.0,103
pDoC,ODDBALL,sub-22,-0.35000000000000003,8.0,103
pDoC,ODDBALL,sub-22,-0.25,11.0,103
pDoC,ODDBALL,sub-22,-0.14999999999999997,14.0,103
pDoC,ODDBALL,sub-22,-0.049999999999999975,13.0,103
pDoC,ODDBALL,sub-22,0.05,11.0,103
pDoC,ODDBALL,sub-22,0.15000000000000008,16.0,103
pDoC,ODDBALL,sub-22,0.25000000000000006,9.0,103
pDoC,ODDBALL,sub-22,0.35000000000000003,6.0,103
pDoC,ODDBALL,sub-22,0.45,8.0,103
pDoC,RESTING,sub-22,-0.45,11.0,107
pDoC,RESTING,sub-22,-0.35000000000000003,10.0,107
pDoC,RESTING,sub-22,-0.25,9.0,107
pDoC,RESTING,sub-22,-0.14999999999999997,20.0,107
pDoC,RESTING,sub-22,-0.049999999999999975,7.0,107
pDoC,RESTING,sub-22,0.05,8.0,107
pDoC,RESTING,sub-22,0.15000000000000008,14.0,107
pDoC,RESTING,sub-22,0.25000000000000006,12.0,107
pDoC,RESTING,sub-22,0.35000000000000003,7.0,107
pDoC,RESTING,sub-22,0.45,9.0,107
eMCS,ODDBALL,sub-23,-0.45,15.0,109
eMCS,ODDBALL,sub-23,-0.35000000000000003,14.0,109
eMCS,ODDBALL,sub-23,-0.25,9.0,109
eMCS,ODDBALL,sub-23,-0.14999999999999997,8.0,109
eMCS,ODDBALL,sub-23,-0.049999999999999975,15.0,109
eMCS,ODDBALL,sub-23,0.05,13.0,109
eMCS,ODDBALL,sub-23,0.15000000000000008,13.0,109
eMCS,ODDBALL,sub-23,0.25000000000000006,7.0,109
eMCS,ODDBALL,sub-23,0.35000000000000003,7.0,109
eMCS,ODDBALL,sub-23,0.45,8.0,109
eMCS,RESTING,sub-23,-0.45,11.0,103
eMCS,RESTING,sub-23,-0.35000000000000003,12.0,103
eMCS,RESTING,sub-23,-0.25,12.0,103
eMCS,RESTING,sub-23,-0.14999999999999997,5.0,103
eMCS,RESTING,sub-23,-0.049999999999999975,13.0,103
eMCS,RESTING,sub-23,0.05,5.0,103
eMCS,RESTING,sub-23,0.15000000000000008,11.0,103
eMCS,RESTING,sub-23,0.25000000000000006,13.0,103
eMCS,RESTING,sub-23,0.35000000000000003,8.0,103
eMCS,RESTING,sub-23,0.45,13.0,103
pDoC,ODDBALL,sub-24,-0.45,6.0,81
pDoC,ODDBALL,sub-24,-0.35000000000000003,11.0,81
pDoC,ODDBALL,sub-24,-0.25,10.0,81
pDoC,ODDBALL,sub-24,-0.14999999999999997,14.0,81
pDoC,ODDBALL,sub-24,-0.049999999999999975,5.0,81
pDoC,ODDBALL,sub-24,0.05,10.0,81
pDoC,ODDBALL,sub-24,0.15000000000000008,6.0,81
pDoC,ODDBALL,sub-24,0.25000000000000006,3.0,81
pDoC,ODDBALL,sub-24,0.35000000000000003,8.0,81
pDoC,ODDBALL,sub-24,0.45,8.0,81
pDoC,RESTING,sub-24,-0.45,7.0,79
pDoC,RESTING,sub-24,-0.35000000000000003,4.0,79
pDoC,RESTING,sub-24,-0.25,9.0,79
pDoC,RESTING,sub-24,-0.14999999999999997,13.0,79
pDoC,RESTING,sub-24,-0.049999999999999975,7.0,79
pDoC,RESTING,sub-24,0.05,7.0,79
pDoC,RESTING,sub-24,0.15000000000000008,9.0,79
pDoC,RESTING,sub-24,0.25000000000000006,6.0,79
pDoC,RESTING,sub-24,0.35000000000000003,12.0,79
pDoC,RESTING,sub-24,0.45,5.0,79
eMCS,ODDBALL,sub-25,-0.45,14.0,118
eMCS,ODDBALL,sub-25,-0.35000000000000003,18.0,118
eMCS,ODDBALL,sub-25,-0.25,9.0,118
eMCS,ODDBALL,sub-25,-0.14999999999999997,8.0,118
eMCS,ODDBALL,sub-25,-0.049999999999999975,6.0,118
eMCS,ODDBALL,sub-25,0.05,8.0,118
eMCS,ODDBALL,sub-25,0.15000000000000008,7.0,118
eMCS,ODDBALL,sub-25,0.25000000000000006,17.0,118
eMCS,ODDBALL,sub-25,0.35000000000000003,21.0,118
eMCS,ODDBALL,sub-25,0.45,10.0,118
eMCS,RESTING,sub-25,-0.45,10.0,92
eMCS,RESTING,sub-25,-0.35000000000000003,14.0,92
eMCS,RESTING,sub-25,-0.25,7.0,92
eMCS,RESTING,sub-25,-0.14999999999999997,5.0,92
eMCS,RESTING,sub-25,-0.049999999999999975,7.0,92
eMCS,RESTING,sub-25,0.05,12.0,92
eMCS,RESTING,sub-25,0.15000000000000008,6.0,92
eMCS,RESTING,sub-25,0.25000000000000006,13.0,92
eMCS,RESTING,sub-25,0.35000000000000003,9.0,92
eMCS,RESTING,sub-25,0.45,9.0,92
pDoC,ODDBALL,sub-26,-0.45,5.0,77
pDoC,ODDBALL,sub-26,-0.35000000000000003,7.0,77
pDoC,ODDBALL,sub-26,-0.25,9.0,77
pDoC,ODDBALL,sub-26,-0.14999999999999997,12.0,77
pDoC,ODDBALL,sub-26,-0.049999999999999975,9.0,77
pDoC,ODDBALL,sub-26,0.05,7.0,77
pDoC,ODDBALL,sub-26,0.15000000000000008,7.0,77
pDoC,ODDBALL,sub-26,0.25000000000000006,8.0,77
pDoC,ODDBALL,sub-26,0.35000000000000003,8.0,77
pDoC,ODDBALL,sub-26,0.45,5.0,77
pDoC,RESTING,sub-26,-0.45,3.0,66
pDoC,RESTING,sub-26,-0.35000000000000003,7.0,66
pDoC,RESTING,sub-26,-0.25,7.0,66
pDoC,RESTING,sub-26,-0.14999999999999997,7.0,66
pDoC,RESTING,sub-26,-0.049999999999999975,3.0,66
pDoC,RESTING,sub-26,0.05,8.0,66
pDoC,RESTING,sub-26,0.15000000000000008,7.0,66
pDoC,RESTING,sub-26,0.25000000000000006,8.0,66
pDoC,RESTING,sub-26,0.35000000000000003,6.0,66
pDoC,RESTING,sub-26,0.45,10.0,66
eMCS,ODDBALL,sub-27,-0.45,10.0,130
eMCS,ODDBALL,sub-27,-0.35000000000000003,16.0,130
eMCS,ODDBALL,sub-27,-0.25,12.0,130
eMCS,ODDBALL,sub-27,-0.14999999999999997,16.0,130
eMCS,ODDBALL,sub-27,-0.049999999999999975,4.0,130
eMCS,ODDBALL,sub-27,0.05,16.0,130
eMCS,ODDBALL,sub-27,0.15000000000000008,20.0,130
eMCS,ODDBALL,sub-27,0.25000000000000006,9.0,130
eMCS,ODDBALL,sub-27,0.35000000000000003,11.0,130
eMCS,ODDBALL,sub-27,0.45,16.0,130
eMCS,RESTING,sub-27,-0.45,22.0,206
eMCS,RESTING,sub-27,-0.35000000000000003,14.0,206
eMCS,RESTING,sub-27,-0.25,23.0,206
eMCS,RESTING,sub-27,-0.14999999999999997,24.0,206
eMCS,RESTING,sub-27,-0.049999999999999975,18.0,206
eMCS,RESTING,sub-27,0.05,26.0,206
eMCS,RESTING,sub-27,0.15000000000000008,14.0,206
eMCS,RESTING,sub-27,0.25000000000000006,24.0,206
eMCS,RESTING,sub-27,0.35000000000000003,27.0,206
eMCS,RESTING,sub-27,0.45,15.0,206
eMCS,ODDBALL,sub-28,-0.45,31.0,190
eMCS,ODDBALL,sub-28,-0.35000000000000003,32.0,190
eMCS,ODDBALL,sub-28,-0.25,25.0,190
eMCS,ODDBALL,sub-28,-0.14999999999999997,19.0,190
eMCS,ODDBALL,sub-28,-0.049999999999999975,18.0,190
eMCS,ODDBALL,sub-28,0.05,13.0,190
eMCS,ODDBALL,sub-28,0.15000000000000008,10.0,190
eMCS,ODDBALL,sub-28,0.25000000000000006,12.0,190
eMCS,ODDBALL,sub-28,0.35000000000000003,16.0,190
eMCS,ODDBALL,sub-28,0.45,14.0,190
eMCS,RESTING,sub-28,-0.45,11.0,147
eMCS,RESTING,sub-28,-0.35000000000000003,11.0,147
eMCS,RESTING,sub-28,-0.25,15.0,147
eMCS,RESTING,sub-28,-0.14999999999999997,16.0,147
eMCS,RESTING,sub-28,-0.049999999999999975,16.0,147
eMCS,RESTING,sub-28,0.05,17.0,147
eMCS,RESTING,sub-28,0.15000000000000008,15.0,147
eMCS,RESTING,sub-28,0.25000000000000006,11.0,147
eMCS,RESTING,sub-28,0.35000000000000003,18.0,147
eMCS,RESTING,sub-28,0.45,17.0,147
pDoC,ODDBALL,sub-29,-0.45,22.0,145
pDoC,ODDBALL,sub-29,-0.35000000000000003,12.0,145
pDoC,ODDBALL,sub-29,-0.25,16.0,145
pDoC,ODDBALL,sub-29,-0.14999999999999997,17.0,145
pDoC,ODDBALL,sub-29,-0.049999999999999975,14.0,145
pDoC,ODDBALL,sub-29,0.05,12.0,145
pDoC,ODDBALL,sub-29,0.15000000000000008,11.0,145
pDoC,ODDBALL,sub-29,0.25000000000000006,15.0,145
pDoC,ODDBALL,sub-29,0.35000000000000003,13.0,145
pDoC,ODDBALL,sub-29,0.45,13.0,145
pDoC,RESTING,sub-29,-0.45,17.0,139
pDoC,RESTING,sub-29,-0.35000000000000003,15.0,139
pDoC,RESTING,sub-29,-0.25,9.0,139
pDoC,RESTING,sub-29,-0.14999999999999997,15.0,139
pDoC,RESTING,sub-29,-0.049999999999999975,18.0,139
pDoC,RESTING,sub-29,0.05,19.0,139
pDoC,RESTING,sub-29,0.15000000000000008,10.0,139
pDoC,RESTING,sub-29,0.25000000000000006,14.0,139
pDoC,RESTING,sub-29,0.35000000000000003,9.0,139
pDoC,RESTING,sub-29,0.45,13.0,139
eMCS,ODDBALL,sub-30,-0.45,7.0,65
eMCS,ODDBALL,sub-30,-0.35000000000000003,6.0,65
eMCS,ODDBALL,sub-30,-0.25,9.0,65
eMCS,ODDBALL,sub-30,-0.14999999999999997,3.0,65
eMCS,ODDBALL,sub-30,-0.049999999999999975,7.0,65
eMCS,ODDBALL,sub-30,0.05,8.0,65
eMCS,ODDBALL,sub-30,0.15000000000000008,4.0,65
eMCS,ODDBALL,sub-30,0.25000000000000006,6.0,65
eMCS,ODDBALL,sub-30,0.35000000000000003,10.0,65
eMCS,ODDBALL,sub-30,0.45,5.0,65
eMCS,RESTING,sub-30,-0.45,8.0,62
eMCS,RESTING,sub-30,-0.35000000000000003,6.0,62
eMCS,RESTING,sub-30,-0.25,7.0,62
eMCS,RESTING,sub-30,-0.14999999999999997,9.0,62
eMCS,RESTING,sub-30,-0.049999999999999975,3.0,62
eMCS,RESTING,sub-30,0.05,4.0,62
eMCS,RESTING,sub-30,0.15000000000000008,5.0,62
eMCS,RESTING,sub-30,0.25000000000000006,3.0,62
eMCS,RESTING,sub-30,0.35000000000000003,7.0,62
eMCS,RESTING,sub-30,0.45,10.0,62
eMCS,ODDBALL,sub-31,-0.45,16.0,126
eMCS,ODDBALL,sub-31,-0.35000000000000003,12.0,126
eMCS,ODDBALL,sub-31,-0.25,14.0,126
eMCS,ODDBALL,sub-31,-0.14999999999999997,13.0,126
eMCS,ODDBALL,sub-31,-0.049999999999999975,18.0,126
eMCS,ODDBALL,sub-31,0.05,11.0,126
eMCS,ODDBALL,sub-31,0.15000000000000008,8.0,126
eMCS,ODDBALL,sub-31,0.25000000000000006,8.0,126
eMCS,ODDBALL,sub-31,0.35000000000000003,7.0,126
eMCS,ODDBALL,sub-31,0.45,19.0,126
eMCS,RESTING,sub-31,-0.45,14.0,148
eMCS,RESTING,sub-31,-0.35000000000000003,18.0,148
eMCS,RESTING,sub-31,-0.25,18.0,148
eMCS,RESTING,sub-31,-0.14999999999999997,10.0,148
eMCS,RESTING,sub-31,-0.049999999999999975,14.0,148
eMCS,RESTING,sub-31,0.05,13.0,148
eMCS,RESTING,sub-31,0.15000000000000008,15.0,148
eMCS,RESTING,sub-31,0.25000000000000006,19.0,148
eMCS,RESTING,sub-31,0.35000000000000003,12.0,148
eMCS,RESTING,sub-31,0.45,15.0,148
pDoC,ODDBALL,sub-32,-0.45,13.0,122
pDoC,ODDBALL,sub-32,-0.35000000000000003,6.0,122
pDoC,ODDBALL,sub-32,-0.25,13.0,122
pDoC,ODDBALL,sub-32,-0.14999999999999997,11.0,122
pDoC,ODDBALL,sub-32,-0.049999999999999975,18.0,122
pDoC,ODDBALL,sub-32,0.05,11.0,122
pDoC,ODDBALL,sub-32,0.15000000000000008,14.0,122
pDoC,ODDBALL,sub-32,0.25000000000000006,12.0,122
pDoC,ODDBALL,sub-32,0.35000000000000003,11.0,122
pDoC,ODDBALL,sub-32,0.45,13.0,122
pDoC,RESTING,sub-32,-0.45,9.0,110
pDoC,RESTING,sub-32,-0.35000000000000003,9.0,110
pDoC,RESTING,sub-32,-0.25,10.0,110
pDoC,RESTING,sub-32,-0.14999999999999997,12.0,110
pDoC,RESTING,sub-32,-0.049999999999999975,12.0,110
pDoC,RESTING,sub-32,0.05,12.0,110
pDoC,RESTING,sub-32,0.15000000000000008,13.0,110
pDoC,RESTING,sub-32,0.25000000000000006,5.0,110
pDoC,RESTING,sub-32,0.35000000000000003,18.0,110
pDoC,RESTING,sub-32,0.45,10.0,110
eMCS,ODDBALL,sub-33,-0.45,9.0,67
eMCS,ODDBALL,sub-33,-0.35000000000000003,4.0,67
eMCS,ODDBALL,sub-33,-0.25,10.0,67
eMCS,ODDBALL,sub-33,-0.14999999999999997,7.0,67
eMCS,ODDBALL,sub-33,-0.049999999999999975,5.0,67
eMCS,ODDBALL,sub-33,0.05,5.0,67
eMCS,ODDBALL,sub-33,0.15000000000000008,5.0,67
eMCS,ODDBALL,sub-33,0.25000000000000006,12.0,67
eMCS,ODDBALL,sub-33,0.35000000000000003,4.0,67
eMCS,ODDBALL,sub-33,0.45,6.0,67
eMCS,RESTING,sub-33,-0.45,15.0,105
eMCS,RESTING,sub-33,-0.35000000000000003,13.0,105
eMCS,RESTING,sub-33,-0.25,6.0,105
eMCS,RESTING,sub-33,-0.14999999999999997,9.0,105
eMCS,RESTING,sub-33,-0.049999999999999975,8.0,105
eMCS,RESTING,sub-33,0.05,13.0,105
eMCS,RESTING,sub-33,0.15000000000000008,9.0,105
eMCS,RESTING,sub-33,0.25000000000000006,10.0,105
eMCS,RESTING,sub-33,0.35000000000000003,12.0,105
eMCS,RESTING,sub-33,0.45,10.0,105
eMCS,ODDBALL,sub-34,-0.45,7.0,57
eMCS,ODDBALL,sub-34,-0.35000000000000003,6.0,57
eMCS,ODDBALL,sub-34,-0.25,4.0,57
eMCS,ODDBALL,sub-34,-0.14999999999999997,5.0,57
eMCS,ODDBALL,sub-34,-0.049999999999999975,4.0,57
eMCS,ODDBALL,sub-34,0.05,7.0,57
eMCS,ODDBALL,sub-34,0.15000000000000008,4.0,57
eMCS,ODDBALL,sub-34,0.25000000000000006,5.0,57
eMCS,ODDBALL,sub-34,0.35000000000000003,8.0,57
eMCS,ODDBALL,sub-34,0.45,7.0,57
eMCS,RESTING,sub-34,-0.45,17.0,129
eMCS,RESTING,sub-34,-0.35000000000000003,7.0,129
eMCS,RESTING,sub-34,-0.25,17.0,129
eMCS,RESTING,sub-34,-0.14999999999999997,11.0,129
eMCS,RESTING,sub-34,-0.049999999999999975,5.0,129
eMCS,RESTING,sub-34,0.05,10.0,129
eMCS,RESTING,sub-34,0.15000000000000008,17.0,129
eMCS,RESTING,sub-34,0.25000000000000006,17.0,129
eMCS,RESTING,sub-34,0.35000000000000003,15.0,129
eMCS,RESTING,sub-34,0.45,13.0,129
eMCS,ODDBALL,sub-35,-0.45,7.0,85
eMCS,ODDBALL,sub-35,-0.35000000000000003,8.0,85
eMCS,ODDBALL,sub-35,-0.25,8.0,85
eMCS,ODDBALL,sub-35,-0.14999999999999997,11.0,85
eMCS,ODDBALL,sub-35,-0.049999999999999975,8.0,85
eMCS,ODDBALL,sub-35,0.05,5.0,85
eMCS,ODDBALL,sub-35,0.15000000000000008,3.0,85
eMCS,ODDBALL,sub-35,0.25000000000000006,11.0,85
eMCS,ODDBALL,sub-35,0.35000000000000003,8.0,85
eMCS,ODDBALL,sub-35,0.45,16.0,85
eMCS,RESTING,sub-35,-0.45,14.0,112
eMCS,RESTING,sub-35,-0.35000000000000003,5.0,112
eMCS,RESTING,sub-35,-0.25,12.0,112
eMCS,RESTING,sub-35,-0.14999999999999997,9.0,112
eMCS,RESTING,sub-35,-0.049999999999999975,11.0,112
eMCS,RESTING,sub-35,0.05,11.0,112
eMCS,RESTING,sub-35,0.15000000000000008,7.0,112
eMCS,RESTING,sub-35,0.25000000000000006,14.0,112
eMCS,RESTING,sub-35,0.35000000000000003,20.0,112
eMCS,RESTING,sub-35,0.45,9.0,112
pDoC,ODDBALL,sub-36,-0.45,9.0,86
pDoC,ODDBALL,sub-36,-0.35000000000000003,7.0,86
pDoC,ODDBALL,sub-36,-0.25,10.0,86
pDoC,ODDBALL,sub-36,-0.14999999999999997,9.0,86
pDoC,ODDBALL,sub-36,-0.049999999999999975,7.0,86
pDoC,ODDBALL,sub-36,0.05,5.0,86
pDoC,ODDBALL,sub-36,0.15000000000000008,11.0,86
pDoC,ODDBALL,sub-36,0.25000000000000006,6.0,86
pDoC,ODDBALL,sub-36,0.35000000000000003,12.0,86
pDoC,ODDBALL,sub-36,0.45,10.0,86
pDoC,RESTING,sub-36,-0.45,5.0,93
pDoC,RESTING,sub-36,-0.35000000000000003,8.0,93
pDoC,RESTING,sub-36,-0.25,7.0,93
pDoC,RESTING,sub-36,-0.14999999999999997,15.0,93
pDoC,RESTING,sub-36,-0.049999999999999975,12.0,93
pDoC,RESTING,sub-36,0.05,6.0,93
pDoC,RESTING,sub-36,0.15000000000000008,11.0,93
pDoC,RESTING,sub-36,0.25000000000000006,8.0,93
pDoC,RESTING,sub-36,0.35000000000000003,8.0,93
pDoC,RESTING,sub-36,0.45,13.0,93
pDoC,ODDBALL,sub-37,-0.45,13.0,116
pDoC,ODDBALL,sub-37,-0.35000000000000003,15.0,116
pDoC,ODDBALL,sub-37,-0.25,12.0,116
pDoC,ODDBALL,sub-37,-0.14999999999999997,7.0,116
pDoC,ODDBALL,sub-37,-0.049999999999999975,13.0,116
pDoC,ODDBALL,sub-37,0.05,9.0,116
pDoC,ODDBALL,sub-37,0.15000000000000008,16.0,116
pDoC,ODDBALL,sub-37,0.25000000000000006,11.0,116
pDoC,ODDBALL,sub-37,0.35000000000000003,13.0,116
pDoC,ODDBALL,sub-37,0.45,7.0,116
pDoC,RESTING,sub-37,-0.45,9.0,83
pDoC,RESTING,sub-37,-0.35000000000000003,10.0,83
pDoC,RESTING,sub-37,-0.25,3.0,83
pDoC,RESTING,sub-37,-0.14999999999999997,9.0,83
pDoC,RESTING,sub-37,-0.049999999999999975,9.0,83
pDoC,RESTING,sub-37,0.05,9.0,83
pDoC,RESTING,sub-37,0.15000000000000008,15.0,83
pDoC,RESTING,sub-37,0.25000000000000006,4.0,83
pDoC,RESTING,sub-37,0.35000000000000003,7.0,83
pDoC,RESTING,sub-37,0.45,8.0,83
eMCS,ODDBALL,sub-38,-0.45,6.0,108
eMCS,ODDBALL,sub-38,-0.35000000000000003,13.0,108
eMCS,ODDBALL,sub-38,-0.25,11.0,108
eMCS,ODDBALL,sub-38,-0.14999999999999997,11.0,108
eMCS,ODDBALL,sub-38,-0.049999999999999975,11.0,108
eMCS,ODDBALL,sub-38,0.05,14.0,108
eMCS,ODDBALL,sub-38,0.15000000000000008,13.0,108
eMCS,ODDBALL,sub-38,0.25000000000000006,15.0,108
eMCS,ODDBALL,sub-38,0.35000000000000003,5.0,108
eMCS,ODDBALL,sub-38,0.45,9.0,108
eMCS,RESTING,sub-38,-0.45,13.0,150
eMCS,RESTING,sub-38,-0.35000000000000003,19.0,150
eMCS,RESTING,sub-38,-0.25,13.0,150
eMCS,RESTING,sub-38,-0.14999999999999997,9.0,150
eMCS,RESTING,sub-38,-0.049999999999999975,12.0,150
eMCS,RESTING,sub-38,0.05,16.0,150
eMCS,RESTING,sub-38,0.15000000000000008,14.0,150
eMCS,RESTING,sub-38,0.25000000000000006,12.0,150
eMCS,RESTING,sub-38,0.35000000000000003,22.0,150
eMCS,RESTING,sub-38,0.45,20.0,150
pDoC,ODDBALL,sub-39,-0.45,14.0,87
pDoC,ODDBALL,sub-39,-0.35000000000000003,7.0,87
pDoC,ODDBALL,sub-39,-0.25,12.0,87
pDoC,ODDBALL,sub-39,-0.14999999999999997,7.0,87
pDoC,ODDBALL,sub-39,-0.049999999999999975,9.0,87
pDoC,ODDBALL,sub-39,0.05,11.0,87
pDoC,ODDBALL,sub-39,0.15000000000000008,8.0,87
pDoC,ODDBALL,sub-39,0.25000000000000006,8.0,87
pDoC,ODDBALL,sub-39,0.35000000000000003,6.0,87
pDoC,ODDBALL,sub-39,0.45,5.0,87
pDoC,RESTING,sub-39,-0.45,10.0,118
pDoC,RESTING,sub-39,-0.35000000000000003,10.0,118
pDoC,RESTING,sub-39,-0.25,13.0,118
pDoC,RESTING,sub-39,-0.14999999999999997,7.0,118
pDoC,RESTING,sub-39,-0.049999999999999975,19.0,118
pDoC,RESTING,sub-39,0.05,13.0,118
pDoC,RESTING,sub-39,0.15000000000000008,12.0,118
pDoC,RESTING,sub-39,0.25000000000000006,14.0,118
pDoC,RESTING,sub-39,0.35000000000000003,10.0,118
pDoC,RESTING,sub-39,0.45,10.0,118
