Group,Condition,Subject,Time,MBP,E(MBP_0),Var(MBP_0),N_blinks
HC,ODDBALL,sub-00,-0.45,0.125,0.1,0.0005357142857142857,168
HC,ODDBALL,sub-00,-0.35000000000000003,0.08928571428571429,0.1,0.0005357142857142857,168
HC,ODDBALL,sub-00,-0.25,0.13095238095238096,0.1,0.0005357142857142857,168
HC,ODDBALL,sub-00,-0.14999999999999997,0.1130952380952381,0.1,0.0005357142857142857,168
HC,ODDBALL,sub-00,-0.049999999999999975,0.05357142857142857,0.1,0.0005357142857142857,168
HC,ODDBALL,sub-00,0.05,0.05952380952380952,0.1,0.0005357142857142857,168
HC,ODDBALL,sub-00,0.15000000000000008,0.05357142857142857,0.1,0.0005357142857142857,168
HC,ODDBALL,sub-00,0.25000000000000006,0.07142857142857142,0.1,0.0005357142857142857,168
HC,ODDBALL,sub-00,0.35000000000000003,0.11904761904761904,0.1,0.0005357142857142857,168
HC,ODDBALL,sub-00,0.45,0.18452380952380953,0.1,0.0005357142857142857,168
HC,RESTING,sub-00,-0.45,0.07650273224043716,0.1,0.0004918032786885246,183
HC,RESTING,sub-00,-0.35000000000000003,0.07103825136612021,0.1,0.0004918032786885246,183
HC,RESTING,sub-00,-0.25,0.10382513661202186,0.1,0.0004918032786885246,183
HC,RESTING,sub-00,-0.14999999999999997,0.10382513661202186,0.1,0.0004918032786885246,183
HC,RESTING,sub-00,-0.049999999999999975,0.09836065573770492,0.1,0.0004918032786885246,183
HC,RESTING,sub-00,0.05,0.09836065573770492,0.1,0.0004918032786885246,183
HC,RESTING,sub-00,0.15000000000000008,0.1366120218579235,0.1,0.0004918032786885246,183
HC,RESTING,sub-00,0.25000000000000006,0.1092896174863388,0.1,0.0004918032786885246,183
HC,RESTING,sub-00,0.35000000000000003,0.09836065573770492,0.1,0.0004918032786885246,183
HC,RESTING,sub-00,0.45,0.10382513661202186,0.1,0.0004918032786885246,183
HC,ODDBALL,sub-01,-0.45,0.11049723756906077,0.1,0.0004972375690607735,181
HC,ODDBALL,sub-01,-0.35000000000000003,0.1270718232044199,0.1,0.0004972375690607735,181
HC,ODDBALL,sub-01,-0.25,0.06629834254143646,0.1,0.0004972375690607735,181
HC,ODDBALL,sub-01,-0.14999999999999997,0.06629834254143646,0.1,0.0004972375690607735,181
HC,ODDBALL,sub-01,-0.049999999999999975,0.06077348066298342,0.1,0.0004972375690607735,181
HC,ODDBALL,sub-01,0.05,0.049723756906077346,0.1,0.0004972375690607735,181
HC,ODDBALL,sub-01,0.15000000000000008,0.0718232044198895,0.1,0.0004972375690607735,181
HC,ODDBALL,sub-01,0.25000000000000006,0.06077348066298342,0.1,0.0004972375690607735,181
HC,ODDBALL,sub-01,0.35000000000000003,0.2265193370165746,0.1,0.0004972375690607735,181
HC,ODDBALL,sub-01,0.45,0.16022099447513813,0.1,0.0004972375690607735,181
HC,RESTING,sub-01,-0.45,0.056,0.1,0.00072,125
HC,RESTING,sub-01,-0.35000000000000003,0.072,0.1,0.00072,125
HC,RESTING,sub-01,-0.25,0.096,0.1,0.00072,125
HC,RESTING,sub-01,-0.14999999999999997,0.056,0.1,0.00072,125
HC,RESTING,sub-01,-0.049999999999999975,0.12,0.1,0.00072,125
HC,RESTING,sub-01,0.05,0.12,0.1,0.00072,125
HC,RESTING,sub-01,0.15000000000000008,0.12,0.1,0.00072,125
HC,RESTING,sub-01,0.25000000000000006,0.12,0.1,0.00072,125
HC,RESTING,sub-01,0.35000000000000003,0.104,0.1,0.00072,125
HC,RESTING,sub-01,0.45,0.144,0.1,0.00072,125
HC,ODDBALL,sub-02,-0.45,0.14285714285714285,0.1,0.001836734693877551,49
HC,ODDBALL,sub-02,-0.35000000000000003,0.12244897959183673,0.1,0.001836734693877551,49
HC,ODDBALL,sub-02,-0.25,0.12244897959183673,0.1,0.001836734693877551,49
HC,ODDBALL,sub-02,-0.14999999999999997,0.04081632653061224,0.1,0.001836734693877551,49
HC,ODDBALL,sub-02,-0.049999999999999975,0.04081632653061224,0.1,0.001836734693877551,49
HC,ODDBALL,sub-02,0.05,0.10204081632653061,0.1,0.001836734693877551,49
HC,ODDBALL,sub-02,0.15000000000000008,0.10204081632653061,0.1,0.001836734693877551,49
HC,ODDBALL,sub-02,0.25000000000000006,0.12244897959183673,0.1,0.001836734693877551,49
HC,ODDBALL,sub-02,0.35000000000000003,0.061224489795918366,0.1,0.001836734693877551,49
HC,ODDBALL,sub-02,0.45,0.14285714285714285,0.1,0.001836734693877551,49
HC,RESTING,sub-02,-0.45,0.16666666666666666,0.1,0.001875,48
HC,RESTING,sub-02,-0.35000000000000003,0.10416666666666667,0.1,0.001875,48
HC,RESTING,sub-02,-0.25,0.020833333333333332,0.1,0.001875,48
HC,RESTING,sub-02,-0.14999999999999997,0.10416666666666667,0.1,0.001875,48
HC,RESTING,sub-02,-0.049999999999999975,0.10416666666666667,0.1,0.001875,48
HC,RESTING,sub-02,0.05,0.125,0.1,0.001875,48
HC,RESTING,sub-02,0.15000000000000008,0.08333333333333333,0.1,0.001875,48
HC,RESTING,sub-02,0.25000000000000006,0.08333333333333333,0.1,0.001875,48
HC,RESTING,sub-02,0.35000000000000003,0.16666666666666666,0.1,0.001875,48
HC,RESTING,sub-02,0.45,0.041666666666666664,0.1,0.001875,48
HC,ODDBALL,sub-03,-0.45,0.1511627906976744,0.1,0.0010465116279069768,86
HC,ODDBALL,sub-03,-0.35000000000000003,0.09302325581395349,0.1,0.0010465116279069768,86
HC,ODDBALL,sub-03,-0.25,0.09302325581395349,0.1,0.0010465116279069768,86
HC,ODDBALL,sub-03,-0.14999999999999997,0.11627906976744186,0.1,0.0010465116279069768,86
HC,ODDBALL,sub-03,-0.049999999999999975,0.05813953488372093,0.1,0.0010465116279069768,86
HC,ODDBALL,sub-03,0.05,0.10465116279069768,0.1,0.0010465116279069768,86
HC,ODDBALL,sub-03,0.15000000000000008,0.06976744186046512,0.1,0.0010465116279069768,86
HC,ODDBALL,sub-03,0.25000000000000006,0.09302325581395349,0.1,0.0010465116279069768,86
HC,ODDBALL,sub-03,0.35000000000000003,0.12790697674418605,0.1,0.0010465116279069768,86
HC,ODDBALL,sub-03,0.45,0.09302325581395349,0.1,0.0010465116279069768,86
HC,RESTING,sub-03,-0.45,0.0594059405940594,0.1,0.0008910891089108911,101
HC,RESTING,sub-03,-0.35000000000000003,0.0891089108910891,0.1,0.0008910891089108911,101
HC,RESTING,sub-03,-0.25,0.13861386138613863,0.1,0.0008910891089108911,101
HC,RESTING,sub-03,-0.14999999999999997,0.12871287128712872,0.1,0.0008910891089108911,101
HC,RESTING,sub-03,-0.049999999999999975,0.09900990099009901,0.1,0.0008910891089108911,101
HC,RESTING,sub-03,0.05,0.07920792079207921,0.1,0.0008910891089108911,101
HC,RESTING,sub-03,0.15000000000000008,0.1188118811881188,0.1,0.0008910891089108911,101
HC,RESTING,sub-03,0.25000000000000006,0.0891089108910891,0.1,0.0008910891089108911,101
HC,RESTING,sub-03,0.35000000000000003,0.10891089108910891,0.1,0.0008910891089108911,101
HC,RESTING,sub-03,0.45,0.0891089108910891,0.1,0.0008910891089108911,101
HC,ODDBALL,sub-04,-0.45,0.16470588235294117,0.1,0.0010588235294117646,85
HC,ODDBALL,sub-04,-0.35000000000000003,0.10588235294117647,0.1,0.0010588235294117646,85
HC,ODDBALL,sub-04,-0.25,0.058823529411764705,0.1,0.0010588235294117646,85
HC,ODDBALL,sub-04,-0.14999999999999997,0.07058823529411765,0.1,0.0010588235294117646,85
HC,ODDBALL,sub-04,-0.049999999999999975,0.08235294117647059,0.1,0.0010588235294117646,85
HC,ODDBALL,sub-04,0.05,0.011764705882352941,0.1,0.0010588235294117646,85
HC,ODDBALL,sub-04,0.15000000000000008,0.07058823529411765,0.1,0.0010588235294117646,85
HC,ODDBALL,sub-04,0.25000000000000006,0.11764705882352941,0.1,0.0010588235294117646,85
HC,ODDBALL,sub-04,0.35000000000000003,0.17647058823529413,0.1,0.0010588235294117646,85
HC,ODDBALL,sub-04,0.45,0.1411764705882353,0.1,0.0010588235294117646,85
HC,RESTING,sub-04,-0.45,0.06896551724137931,0.1,0.0010344827586206897,87
HC,RESTING,sub-04,-0.35000000000000003,0.13793103448275862,0.1,0.0010344827586206897,87
HC,RESTING,sub-04,-0.25,0.08045977011494253,0.1,0.0010344827586206897,87
HC,RESTING,sub-04,-0.14999999999999997,0.11494252873563218,0.1,0.0010344827586206897,87
HC,RESTING,sub-04,-0.049999999999999975,0.08045977011494253,0.1,0.0010344827586206897,87
HC,RESTING,sub-04,0.05,0.10344827586206896,0.1,0.0010344827586206897,87
HC,RESTING,sub-04,0.15000000000000008,0.10344827586206896,0.1,0.0010344827586206897,87
HC,RESTING,sub-04,0.25000000000000006,0.09195402298850575,0.1,0.0010344827586206897,87
HC,RESTING,sub-04,0.35000000000000003,0.12643678160919541,0.1,0.0010344827586206897,87
HC,RESTING,sub-04,0.45,0.09195402298850575,0.1,0.0010344827586206897,87
HC,ODDBALL,sub-05,-0.45,0.12142857142857143,0.1,0.0006428571428571428,140
HC,ODDBALL,sub-05,-0.35000000000000003,0.05,0.1,0.0006428571428571428,140
HC,ODDBALL,sub-05,-0.25,0.10714285714285714,0.1,0.0006428571428571428,140
HC,ODDBALL,sub-05,-0.14999999999999997,0.05,0.1,0.0006428571428571428,140
HC,ODDBALL,sub-05,-0.049999999999999975,0.06428571428571428,0.1,0.0006428571428571428,140
HC,ODDBALL,sub-05,0.05,0.05714285714285714,0.1,0.0006428571428571428,140
HC,ODDBALL,sub-05,0.15000000000000008,0.08571428571428572,0.1,0.0006428571428571428,140
HC,ODDBALL,sub-05,0.25000000000000006,0.18571428571428572,0.1,0.0006428571428571428,140
HC,ODDBALL,sub-05,0.35000000000000003,0.18571428571428572,0.1,0.0006428571428571428,140
HC,ODDBALL,sub-05,0.45,0.09285714285714286,0.1,0.0006428571428571428,140
HC,RESTING,sub-05,-0.45,0.15254237288135594,0.1,0.0007627118644067797,118
HC,RESTING,sub-05,-0.35000000000000003,0.09322033898305085,0.1,0.0007627118644067797,118
HC,RESTING,sub-05,-0.25,0.0847457627118644,0.1,0.0007627118644067797,118
HC,RESTING,sub-05,-0.14999999999999997,0.11016949152542373,0.1,0.0007627118644067797,118
HC,RESTING,sub-05,-0.049999999999999975,0.11016949152542373,0.1,0.0007627118644067797,118
HC,RESTING,sub-05,0.05,0.09322033898305085,0.1,0.0007627118644067797,118
HC,RESTING,sub-05,0.15000000000000008,0.059322033898305086,0.1,0.0007627118644067797,118
HC,RESTING,sub-05,0.25000000000000006,0.1271186440677966,0.1,0.0007627118644067797,118
HC,RESTING,sub-05,0.35000000000000003,0.11016949152542373,0.1,0.0007627118644067797,118
HC,RESTING,sub-05,0.45,0.059322033898305086,0.1,0.0007627118644067797,118
HC,ODDBALL,sub-06,-0.45,0.1259259259259259,0.1,0.0006666666666666666,135
HC,ODDBALL,sub-06,-0.35000000000000003,0.0962962962962963,0.1,0.0006666666666666666,135
HC,ODDBALL,sub-06,-0.25,0.1037037037037037,0.1,0.0006666666666666666,135
HC,ODDBALL,sub-06,-0.14999999999999997,0.07407407407407407,0.1,0.0006666666666666666,135
HC,ODDBALL,sub-06,-0.049999999999999975,0.0962962962962963,0.1,0.0006666666666666666,135
HC,ODDBALL,sub-06,0.05,0.1111111111111111,0.1,0.0006666666666666666,135
HC,ODDBALL,sub-06,0.15000000000000008,0.08888888888888889,0.1,0.0006666666666666666,135
HC,ODDBALL,sub-06,0.25000000000000006,0.044444444444444446,0.1,0.0006666666666666666,135
HC,ODDBALL,sub-06,0.35000000000000003,0.08888888888888889,0.1,0.0006666666666666666,135
HC,ODDBALL,sub-06,0.45,0.17037037037037037,0.1,0.0006666666666666666,135
HC,RESTING,sub-06,-0.45,0.06962025316455696,0.1,0.000569620253164557,158
HC,RESTING,sub-06,-0.35000000000000003,0.06962025316455696,0.1,0.000569620253164557,158
HC,RESTING,sub-06,-0.25,0.12025316455696203,0.1,0.000569620253164557,158
HC,RESTING,sub-06,-0.14999999999999997,0.12025316455696203,0.1,0.000569620253164557,158
HC,RESTING,sub-06,-0.049999999999999975,0.08860759493670886,0.1,0.000569620253164557,158
HC,RESTING,sub-06,0.05,0.12025316455696203,0.1,0.000569620253164557,158
HC,RESTING,sub-06,0.15000000000000008,0.0949367088607595,0.1,0.000569620253164557,158
HC,RESTING,sub-06,0.25000000000000006,0.14556962025316456,0.1,0.000569620253164557,158
HC,RESTING,sub-06,0.35000000000000003,0.06962025316455696,0.1,0.000569620253164557,158
HC,RESTING,sub-06,0.45,0.10126582278481013,0.1,0.000569620253164557,158
HC,ODDBALL,sub-07,-0.45,0.09230769230769231,0.1,0.0006923076923076923,130
HC,ODDBALL,sub-07,-0.35000000000000003,0.16923076923076924,0.1,0.0006923076923076923,130
HC,ODDBALL,sub-07,-0.25,0.15384615384615385,0.1,0.0006923076923076923,130
HC,ODDBALL,sub-07,-0.14999999999999997,0.15384615384615385,0.1,0.0006923076923076923,130
HC,ODDBALL,sub-07,-0.049999999999999975,0.07692307692307693,0.1,0.0006923076923076923,130
HC,ODDBALL,sub-07,0.05,0.05384615384615385,0.1,0.0006923076923076923,130
HC,ODDBALL,sub-07,0.15000000000000008,0.046153846153846156,0.1,0.0006923076923076923,130
HC,ODDBALL,sub-07,0.25000000000000006,0.05384615384615385,0.1,0.0006923076923076923,130
HC,ODDBALL,sub-07,0.35000000000000003,0.1076923076923077,0.1,0.0006923076923076923,130
HC,ODDBALL,sub-07,0.45,0.09230769230769231,0.1,0.0006923076923076923,130
HC,RESTING,sub-07,-0.45,0.10062893081761007,0.1,0.0005660377358490566,159
HC,RESTING,sub-07,-0.35000000000000003,0.1509433962264151,0.1,0.0005660377358490566,159
HC,RESTING,sub-07,-0.25,0.09433962264150944,0.1,0.0005660377358490566,159
HC,RESTING,sub-07,-0.14999999999999997,0.0880503144654088,0.1,0.0005660377358490566,159
HC,RESTING,sub-07,-0.049999999999999975,0.05660377358490566,0.1,0.0005660377358490566,159
HC,RESTING,sub-07,0.05,0.0880503144654088,0.1,0.0005660377358490566,159
HC,RESTING,sub-07,0.15000000000000008,0.11949685534591195,0.1,0.0005660377358490566,159
HC,RESTING,sub-07,0.25000000000000006,0.1509433962264151,0.1,0.0005660377358490566,159
HC,RESTING,sub-07,0.35000000000000003,0.05660377358490566,0.1,0.0005660377358490566,159
HC,RESTING,sub-07,0.45,0.09433962264150944,0.1,0.0005660377358490566,159
HC,ODDBALL,sub-08,-0.45,0.12105263157894737,0.1,0.00047368421052631577,190
HC,ODDBALL,sub-08,-0.35000000000000003,0.08947368421052632,0.1,0.00047368421052631577,190
HC,ODDBALL,sub-08,-0.25,0.11578947368421053,0.1,0.00047368421052631577,190
HC,ODDBALL,sub-08,-0.14999999999999997,0.08947368421052632,0.1,0.00047368421052631577,190
HC,ODDBALL,sub-08,-0.049999999999999975,0.06842105263157895,0.1,0.00047368421052631577,190
HC,ODDBALL,sub-08,0.05,0.07894736842105263,0.1,0.00047368421052631577,190
HC,ODDBALL,sub-08,0.15000000000000008,0.06842105263157895,0.1,0.00047368421052631577,190
HC,ODDBALL,sub-08,0.25000000000000006,0.10526315789473684,0.1,0.00047368421052631577,190
HC,ODDBALL,sub-08,0.35000000000000003,0.14210526315789473,0.1,0.00047368421052631577,190
HC,ODDBALL,sub-08,0.45,0.12105263157894737,0.1,0.00047368421052631577,190
HC,RESTING,sub-08,-0.45,0.08,0.1,0.0004,225
HC,RESTING,sub-08,-0.35000000000000003,0.12,0.1,0.0004,225
HC,RESTING,sub-08,-0.25,0.09333333333333334,0.1,0.0004,225
HC,RESTING,sub-08,-0.14999999999999997,0.08444444444444445,0.1,0.0004,225
HC,RESTING,sub-08,-0.049999999999999975,0.12444444444444444,0.1,0.0004,225
HC,RESTING,sub-08,0.05,0.08888888888888889,0.1,0.0004,225
HC,RESTING,sub-08,0.15000000000000008,0.10666666666666667,0.1,0.0004,225
HC,RESTING,sub-08,0.25000000000000006,0.08444444444444445,0.1,0.0004,225
HC,RESTING,sub-08,0.35000000000000003,0.08444444444444445,0.1,0.0004,225
HC,RESTING,sub-08,0.45,0.13333333333333333,0.1,0.0004,225
HC,ODDBALL,sub-09,-0.45,0.11627906976744186,0.1,0.0010465116279069768,86
HC,ODDBALL,sub-09,-0.35000000000000003,0.1511627906976744,0.1,0.0010465116279069768,86
HC,ODDBALL,sub-09,-0.25,0.11627906976744186,0.1,0.0010465116279069768,86
HC,ODDBALL,sub-09,-0.14999999999999997,0.08139534883720931,0.1,0.0010465116279069768,86
HC,ODDBALL,sub-09,-0.049999999999999975,0.08139534883720931,0.1,0.0010465116279069768,86
HC,ODDBALL,sub-09,0.05,0.06976744186046512,0.1,0.0010465116279069768,86
HC,ODDBALL,sub-09,0.15000000000000008,0.05813953488372093,0.1,0.0010465116279069768,86
HC,ODDBALL,sub-09,0.25000000000000006,0.08139534883720931,0.1,0.0010465116279069768,86
HC,ODDBALL,sub-09,0.35000000000000003,0.11627906976744186,0.1,0.0010465116279069768,86
HC,ODDBALL,sub-09,0.45,0.12790697674418605,0.1,0.0010465116279069768,86
HC,RESTING,sub-09,-0.45,0.08536585365853659,0.1,0.0010975609756097562,82
HC,RESTING,sub-09,-0.35000000000000003,0.04878048780487805,0.1,0.0010975609756097562,82
HC,RESTING,sub-09,-0.25,0.06097560975609756,0.1,0.0010975609756097562,82
HC,RESTING,sub-09,-0.14999999999999997,0.0975609756097561,0.1,0.0010975609756097562,82
HC,RESTING,sub-09,-0.049999999999999975,0.08536585365853659,0.1,0.0010975609756097562,82
HC,RESTING,sub-09,0.05,0.15853658536585366,0.1,0.0010975609756097562,82
HC,RESTING,sub-09,0.15000000000000008,0.14634146341463414,0.1,0.0010975609756097562,82
HC,RESTING,sub-09,0.25000000000000006,0.12195121951219512,0.1,0.0010975609756097562,82
HC,RESTING,sub-09,0.35000000000000003,0.07317073170731707,0.1,0.0010975609756097562,82
HC,RESTING,sub-09,0.45,0.12195121951219512,0.1,0.0010975609756097562,82
HC,ODDBALL,sub-10,-0.45,0.07142857142857142,0.1,0.0004945054945054945,182
HC,ODDBALL,sub-10,-0.35000000000000003,0.08241758241758242,0.1,0.0004945054945054945,182
HC,ODDBALL,sub-10,-0.25,0.06043956043956044,0.1,0.0004945054945054945,182
HC,ODDBALL,sub-10,-0.14999999999999997,0.04945054945054945,0.1,0.0004945054945054945,182
HC,ODDBALL,sub-10,-0.049999999999999975,0.06593406593406594,0.1,0.0004945054945054945,182
HC,ODDBALL,sub-10,0.05,0.054945054945054944,0.1,0.0004945054945054945,182
HC,ODDBALL,sub-10,0.15000000000000008,0.03296703296703297,0.1,0.0004945054945054945,182
HC,ODDBALL,sub-10,0.25000000000000006,0.10989010989010989,0.1,0.0004945054945054945,182
HC,ODDBALL,sub-10,0.35000000000000003,0.27472527472527475,0.1,0.0004945054945054945,182
HC,ODDBALL,sub-10,0.45,0.1978021978021978,0.1,0.0004945054945054945,182
HC,RESTING,sub-10,-0.45,0.08287292817679558,0.1,0.0004972375690607735,181
HC,RESTING,sub-10,-0.35000000000000003,0.11049723756906077,0.1,0.0004972375690607735,181
HC,RESTING,sub-10,-0.25,0.13259668508287292,0.1,0.0004972375690607735,181
HC,RESTING,sub-10,-0.14999999999999997,0.06077348066298342,0.1,0.0004972375690607735,181
HC,RESTING,sub-10,-0.049999999999999975,0.10497237569060773,0.1,0.0004972375690607735,181
HC,RESTING,sub-10,0.05,0.08287292817679558,0.1,0.0004972375690607735,181
HC,RESTING,sub-10,0.15000000000000008,0.14917127071823205,0.1,0.0004972375690607735,181
HC,RESTING,sub-10,0.25000000000000006,0.08287292817679558,0.1,0.0004972375690607735,181
HC,RESTING,sub-10,0.35000000000000003,0.07734806629834254,0.1,0.0004972375690607735,181
HC,RESTING,sub-10,0.45,0.12154696132596685,0.1,0.0004972375690607735,181
HC,ODDBALL,sub-11,-0.45,0.12790697674418605,0.1,0.0005232558139534884,172
HC,ODDBALL,sub-11,-0.35000000000000003,0.05232558139534884,0.1,0.0005232558139534884,172
HC,ODDBALL,sub-11,-0.25,0.0872093023255814,0.1,0.0005232558139534884,172
HC,ODDBALL,sub-11,-0.14999999999999997,0.05813953488372093,0.1,0.0005232558139534884,172
HC,ODDBALL,sub-11,-0.049999999999999975,0.11046511627906977,0.1,0.0005232558139534884,172
HC,ODDBALL,sub-11,0.05,0.0755813953488372,0.1,0.0005232558139534884,172
HC,ODDBALL,sub-11,0.15000000000000008,0.06395348837209303,0.1,0.0005232558139534884,172
HC,ODDBALL,sub-11,0.25000000000000006,0.10465116279069768,0.1,0.0005232558139534884,172
HC,ODDBALL,sub-11,0.35000000000000003,0.18023255813953487,0.1,0.0005232558139534884,172
HC,ODDBALL,sub-11,0.45,0.13953488372093023,0.1,0.0005232558139534884,172
HC,RESTING,sub-11,-0.45,0.08,0.1,0.0005142857142857143,175
HC,RESTING,sub-11,-0.35000000000000003,0.09714285714285714,0.1,0.0005142857142857143,175
HC,RESTING,sub-11,-0.25,0.13142857142857142,0.1,0.0005142857142857143,175
HC,RESTING,sub-11,-0.14999999999999997,0.13142857142857142,0.1,0.0005142857142857143,175
HC,RESTING,sub-11,-0.049999999999999975,0.11428571428571428,0.1,0.0005142857142857143,175
HC,RESTING,sub-11,0.05,0.045714285714285714,0.1,0.0005142857142857143,175
HC,RESTING,sub-11,0.15000000000000008,0.09714285714285714,0.1,0.0005142857142857143,175
HC,RESTING,sub-11,0.25000000000000006,0.09142857142857143,0.1,0.0005142857142857143,175
HC,RESTING,sub-11,0.35000000000000003,0.06285714285714286,0.1,0.0005142857142857143,175
HC,RESTING,sub-11,0.45,0.14857142857142858,0.1,0.0005142857142857143,175
HC,ODDBALL,sub-12,-0.45,0.12781954887218044,0.1,0.0006766917293233082,133
HC,ODDBALL,sub-12,-0.35000000000000003,0.09774436090225563,0.1,0.0006766917293233082,133
HC,ODDBALL,sub-12,-0.25,0.11278195488721804,0.1,0.0006766917293233082,133
HC,ODDBALL,sub-12,-0.14999999999999997,0.06766917293233082,0.1,0.0006766917293233082,133
HC,ODDBALL,sub-12,-0.049999999999999975,0.09022556390977443,0.1,0.0006766917293233082,133
HC,ODDBALL,sub-12,0.05,0.03759398496240601,0.1,0.0006766917293233082,133
HC,ODDBALL,sub-12,0.15000000000000008,0.09774436090225563,0.1,0.0006766917293233082,133
HC,ODDBALL,sub-12,0.25000000000000006,0.14285714285714285,0.1,0.0006766917293233082,133
HC,ODDBALL,sub-12,0.35000000000000003,0.08270676691729323,0.1,0.0006766917293233082,133
HC,ODDBALL,sub-12,0.45,0.14285714285714285,0.1,0.0006766917293233082,133
HC,RESTING,sub-12,-0.45,0.125,0.1,0.00125,72
HC,RESTING,sub-12,-0.35000000000000003,0.09722222222222222,0.1,0.00125,72
HC,RESTING,sub-12,-0.25,0.05555555555555555,0.1,0.00125,72
HC,RESTING,sub-12,-0.14999999999999997,0.1527777777777778,0.1,0.00125,72
HC,RESTING,sub-12,-0.049999999999999975,0.125,0.1,0.00125,72
HC,RESTING,sub-12,0.05,0.09722222222222222,0.1,0.00125,72
HC,RESTING,sub-12,0.15000000000000008,0.1111111111111111,0.1,0.00125,72
HC,RESTING,sub-12,0.25000000000000006,0.06944444444444445,0.1,0.00125,72
HC,RESTING,sub-12,0.35000000000000003,0.09722222222222222,0.1,0.00125,72
HC,RESTING,sub-12,0.45,0.06944444444444445,0.1,0.00125,72
HC,ODDBALL,sub-13,-0.45,0.037383177570093455,0.1,0.0008411214953271028,107
HC,ODDBALL,sub-13,-0.35000000000000003,0.14953271028037382,0.1,0.0008411214953271028,107
HC,ODDBALL,sub-13,-0.25,0.11214953271028037,0.1,0.0008411214953271028,107
HC,ODDBALL,sub-13,-0.14999999999999997,0.16822429906542055,0.1,0.0008411214953271028,107
HC,ODDBALL,sub-13,-0.049999999999999975,0.08411214953271028,0.1,0.0008411214953271028,107
HC,ODDBALL,sub-13,0.05,0.08411214953271028,0.1,0.0008411214953271028,107
HC,ODDBALL,sub-13,0.15000000000000008,0.04672897196261682,0.1,0.0008411214953271028,107
HC,ODDBALL,sub-13,0.25000000000000006,0.07476635514018691,0.1,0.0008411214953271028,107
HC,ODDBALL,sub-13,0.35000000000000003,0.09345794392523364,0.1,0.0008411214953271028,107
HC,ODDBALL,sub-13,0.45,0.14953271028037382,0.1,0.0008411214953271028,107
HC,RESTING,sub-13,-0.45,0.12173913043478261,0.1,0.000782608695652174,115
HC,RESTING,sub-13,-0.35000000000000003,0.08695652173913043,0.1,0.000782608695652174,115
HC,RESTING,sub-13,-0.25,0.09565217391304348,0.1,0.000782608695652174,115
HC,RESTING,sub-13,-0.14999999999999997,0.16521739130434782,0.1,0.000782608695652174,115
HC,RESTING,sub-13,-0.049999999999999975,0.06956521739130435,0.1,0.000782608695652174,115
HC,RESTING,sub-13,0.05,0.0782608695652174,0.1,0.000782608695652174,115
HC,RESTING,sub-13,0.15000000000000008,0.10434782608695652,0.1,0.000782608695652174,115
HC,RESTING,sub-13,0.25000000000000006,0.06956521739130435,0.1,0.000782608695652174,115
HC,RESTING,sub-13,0.35000000000000003,0.12173913043478261,0.1,0.000782608695652174,115
HC,RESTING,sub-13,0.45,0.08695652173913043,0.1,0.000782608695652174,115
HC,ODDBALL,sub-14,-0.45,0.13793103448275862,0.1,0.0010344827586206897,87
HC,ODDBALL,sub-14,-0.35000000000000003,0.14942528735632185,0.1,0.0010344827586206897,87
HC,ODDBALL,sub-14,-0.25,0.04597701149425287,0.1,0.0010344827586206897,87
HC,ODDBALL,sub-14,-0.14999999999999997,0.10344827586206896,0.1,0.0010344827586206897,87
HC,ODDBALL,sub-14,-0.049999999999999975,0.12643678160919541,0.1,0.0010344827586206897,87
HC,ODDBALL,sub-14,0.05,0.04597701149425287,0.1,0.0010344827586206897,87
HC,ODDBALL,sub-14,0.15000000000000008,0.06896551724137931,0.1,0.0010344827586206897,87
HC,ODDBALL,sub-14,0.25000000000000006,0.06896551724137931,0.1,0.0010344827586206897,87
HC,ODDBALL,sub-14,0.35000000000000003,0.12643678160919541,0.1,0.0010344827586206897,87
HC,ODDBALL,sub-14,0.45,0.12643678160919541,0.1,0.0010344827586206897,87
HC,RESTING,sub-14,-0.45,0.12307692307692308,0.1,0.0013846153846153845,65
HC,RESTING,sub-14,-0.35000000000000003,0.07692307692307693,0.1,0.0013846153846153845,65
HC,RESTING,sub-14,-0.25,0.07692307692307693,0.1,0.0013846153846153845,65
HC,RESTING,sub-14,-0.14999999999999997,0.1076923076923077,0.1,0.0013846153846153845,65
HC,RESTING,sub-14,-0.049999999999999975,0.1076923076923077,0.1,0.0013846153846153845,65
HC,RESTING,sub-14,0.05,0.12307692307692308,0.1,0.0013846153846153845,65
HC,RESTING,sub-14,0.15000000000000008,0.1076923076923077,0.1,0.0013846153846153845,65
HC,RESTING,sub-14,0.25000000000000006,0.1076923076923077,0.1,0.0013846153846153845,65
HC,RESTING,sub-14,0.35000000000000003,0.06153846153846154,0.1,0.0013846153846153845,65
HC,RESTING,sub-14,0.45,0.1076923076923077,0.1,0.0013846153846153845,65
HC,ODDBALL,sub-15,-0.45,0.08333333333333333,0.1,0.0009375,96
HC,ODDBALL,sub-15,-0.35000000000000003,0.0625,0.1,0.0009375,96
HC,ODDBALL,sub-15,-0.25,0.13541666666666666,0.1,0.0009375,96
HC,ODDBALL,sub-15,-0.14999999999999997,0.13541666666666666,0.1,0.0009375,96
HC,ODDBALL,sub-15,-0.049999999999999975,0.0625,0.1,0.0009375,96
HC,ODDBALL,sub-15,0.05,0.08333333333333333,0.1,0.0009375,96
HC,ODDBALL,sub-15,0.15000000000000008,0.125,0.1,0.0009375,96
HC,ODDBALL,sub-15,0.25000000000000006,0.07291666666666667,0.1,0.0009375,96
HC,ODDBALL,sub-15,0.35000000000000003,0.10416666666666667,0.1,0.0009375,96
HC,ODDBALL,sub-15,0.45,0.13541666666666666,0.1,0.0009375,96
HC,RESTING,sub-15,-0.45,0.08396946564885496,0.1,0.0006870229007633588,131
HC,RESTING,sub-15,-0.35000000000000003,0.0916030534351145,0.1,0.0006870229007633588,131
HC,RESTING,sub-15,-0.25,0.09923664122137404,0.1,0.0006870229007633588,131
HC,RESTING,sub-15,-0.14999999999999997,0.11450381679389313,0.1,0.0006870229007633588,131
HC,RESTING,sub-15,-0.049999999999999975,0.11450381679389313,0.1,0.0006870229007633588,131
HC,RESTING,sub-15,0.05,0.15267175572519084,0.1,0.0006870229007633588,131
HC,RESTING,sub-15,0.15000000000000008,0.07633587786259542,0.1,0.0006870229007633588,131
HC,RESTING,sub-15,0.25000000000000006,0.09923664122137404,0.1,0.0006870229007633588,131
HC,RESTING,sub-15,0.35000000000000003,0.061068702290076333,0.1,0.0006870229007633588,131
HC,RESTING,sub-15,0.45,0.10687022900763359,0.1,0.0006870229007633588,131
HC,ODDBALL,sub-16,-0.45,0.1276595744680851,0.1,0.0006382978723404255,141
HC,ODDBALL,sub-16,-0.35000000000000003,0.12056737588652482,0.1,0.0006382978723404255,141
HC,ODDBALL,sub-16,-0.25,0.11347517730496454,0.1,0.0006382978723404255,141
HC,ODDBALL,sub-16,-0.14999999999999997,0.0851063829787234,0.1,0.0006382978723404255,141
HC,ODDBALL,sub-16,-0.049999999999999975,0.0851063829787234,0.1,0.0006382978723404255,141
HC,ODDBALL,sub-16,0.05,0.10638297872340426,0.1,0.0006382978723404255,141
HC,ODDBALL,sub-16,0.15000000000000008,0.028368794326241134,0.1,0.0006382978723404255,141
HC,ODDBALL,sub-16,0.25000000000000006,0.09219858156028368,0.1,0.0006382978723404255,141
HC,ODDBALL,sub-16,0.35000000000000003,0.1347517730496454,0.1,0.0006382978723404255,141
HC,ODDBALL,sub-16,0.45,0.10638297872340426,0.1,0.0006382978723404255,141
HC,RESTING,sub-16,-0.45,0.08552631578947369,0.1,0.0005921052631578948,152
HC,RESTING,sub-16,-0.35000000000000003,0.11842105263157894,0.1,0.0005921052631578948,152
HC,RESTING,sub-16,-0.25,0.1118421052631579,0.1,0.0005921052631578948,152
HC,RESTING,sub-16,-0.14999999999999997,0.10526315789473684,0.1,0.0005921052631578948,152
HC,RESTING,sub-16,-0.049999999999999975,0.08552631578947369,0.1,0.0005921052631578948,152
HC,RESTING,sub-16,0.05,0.13157894736842105,0.1,0.0005921052631578948,152
HC,RESTING,sub-16,0.15000000000000008,0.08552631578947369,0.1,0.0005921052631578948,152
HC,RESTING,sub-16,0.25000000000000006,0.05921052631578947,0.1,0.0005921052631578948,152
HC,RESTING,sub-16,0.35000000000000003,0.08552631578947369,0.1,0.0005921052631578948,152
HC,RESTING,sub-16,0.45,0.13157894736842105,0.1,0.0005921052631578948,152
HC,ODDBALL,sub-17,-0.45,0.17105263157894737,0.1,0.0005921052631578948,152
HC,ODDBALL,sub-17,-0.35000000000000003,0.06578947368421052,0.1,0.0005921052631578948,152
HC,ODDBALL,sub-17,-0.25,0.07236842105263158,0.1,0.0005921052631578948,152
HC,ODDBALL,sub-17,-0.14999999999999997,0.07236842105263158,0.1,0.0005921052631578948,152
HC,ODDBALL,sub-17,-0.049999999999999975,0.08552631578947369,0.1,0.0005921052631578948,152
HC,ODDBALL,sub-17,0.05,0.046052631578947366,0.1,0.0005921052631578948,152
HC,ODDBALL,sub-17,0.15000000000000008,0.046052631578947366,0.1,0.0005921052631578948,152
HC,ODDBALL,sub-17,0.25000000000000006,0.15789473684210525,0.1,0.0005921052631578948,152
HC,ODDBALL,sub-17,0.35000000000000003,0.17105263157894737,0.1,0.0005921052631578948,152
HC,ODDBALL,sub-17,0.45,0.1118421052631579,0.1,0.0005921052631578948,152
HC,RESTING,sub-17,-0.45,0.10303030303030303,0.1,0.0005454545454545455,165
HC,RESTING,sub-17,-0.35000000000000003,0.11515151515151516,0.1,0.0005454545454545455,165
HC,RESTING,sub-17,-0.25,0.07272727272727272,0.1,0.0005454545454545455,165
HC,RESTING,sub-17,-0.14999999999999997,0.16363636363636364,0.1,0.0005454545454545455,165
HC,RESTING,sub-17,-0.049999999999999975,0.07272727272727272,0.1,0.0005454545454545455,165
HC,RESTING,sub-17,0.05,0.07878787878787878,0.1,0.0005454545454545455,165
HC,RESTING,sub-17,0.15000000000000008,0.05454545454545454,0.1,0.0005454545454545455,165
HC,RESTING,sub-17,0.25000000000000006,0.07878787878787878,0.1,0.0005454545454545455,165
HC,RESTING,sub-17,0.35000000000000003,0.07272727272727272,0.1,0.0005454545454545455,165
HC,RESTING,sub-17,0.45,0.18787878787878787,0.1,0.0005454545454545455,165
HC,ODDBALL,sub-18,-0.45,0.10256410256410256,0.1,0.000576923076923077,156
HC,ODDBALL,sub-18,-0.35000000000000003,0.10256410256410256,0.1,0.000576923076923077,156
HC,ODDBALL,sub-18,-0.25,0.09615384615384616,0.1,0.000576923076923077,156
HC,ODDBALL,sub-18,-0.14999999999999997,0.08974358974358974,0.1,0.000576923076923077,156
HC,ODDBALL,sub-18,-0.049999999999999975,0.03205128205128205,0.1,0.000576923076923077,156
HC,ODDBALL,sub-18,0.05,0.0641025641025641,0.1,0.000576923076923077,156
HC,ODDBALL,sub-18,0.15000000000000008,0.04487179487179487,0.1,0.000576923076923077,156
HC,ODDBALL,sub-18,0.25000000000000006,0.12179487179487179,0.1,0.000576923076923077,156
HC,ODDBALL,sub-18,0.35000000000000003,0.1858974358974359,0.1,0.000576923076923077,156
HC,ODDBALL,sub-18,0.45,0.16025641025641027,0.1,0.000576923076923077,156
HC,RESTING,sub-18,-0.45,0.10052910052910052,0.1,0.0004761904761904762,189
HC,RESTING,sub-18,-0.35000000000000003,0.07936507936507936,0.1,0.0004761904761904762,189
HC,RESTING,sub-18,-0.25,0.14285714285714285,0.1,0.0004761904761904762,189
HC,RESTING,sub-18,-0.14999999999999997,0.10052910052910052,0.1,0.0004761904761904762,189
HC,RESTING,sub-18,-0.049999999999999975,0.10052910052910052,0.1,0.0004761904761904762,189
HC,RESTING,sub-18,0.05,0.08994708994708994,0.1,0.0004761904761904762,189
HC,RESTING,sub-18,0.15000000000000008,0.06878306878306878,0.1,0.0004761904761904762,189
HC,RESTING,sub-18,0.25000000000000006,0.07936507936507936,0.1,0.0004761904761904762,189
HC,RESTING,sub-18,0.35000000000000003,0.1164021164021164,0.1,0.0004761904761904762,189
HC,RESTING,sub-18,0.45,0.12169312169312169,0.1,0.0004761904761904762,189
HC,ODDBALL,sub-19,-0.45,0.10256410256410256,0.1,0.0007692307692307692,117
HC,ODDBALL,sub-19,-0.35000000000000003,0.11965811965811966,0.1,0.0007692307692307692,117
HC,ODDBALL,sub-19,-0.25,0.05128205128205128,0.1,0.0007692307692307692,117
HC,ODDBALL,sub-19,-0.14999999999999997,0.13675213675213677,0.1,0.0007692307692307692,117
HC,ODDBALL,sub-19,-0.049999999999999975,0.06837606837606838,0.1,0.0007692307692307692,117
HC,ODDBALL,sub-19,0.05,0.10256410256410256,0.1,0.0007692307692307692,117
HC,ODDBALL,sub-19,0.15000000000000008,0.05982905982905983,0.1,0.0007692307692307692,117
HC,ODDBALL,sub-19,0.25000000000000006,0.07692307692307693,0.1,0.0007692307692307692,117
HC,ODDBALL,sub-19,0.35000000000000003,0.08547008547008547,0.1,0.0007692307692307692,117
HC,ODDBALL,sub-19,0.45,0.19658119658119658,0.1,0.0007692307692307692,117
HC,RESTING,sub-19,-0.45,0.1,0.1,0.0006923076923076923,130
HC,RESTING,sub-19,-0.35000000000000003,0.13846153846153847,0.1,0.0006923076923076923,130
HC,RESTING,sub-19,-0.25,0.06153846153846154,0.1,0.0006923076923076923,130
HC,RESTING,sub-19,-0.14999999999999997,0.1076923076923077,0.1,0.0006923076923076923,130
HC,RESTING,sub-19,-0.049999999999999975,0.11538461538461539,0.1,0.0006923076923076923,130
HC,RESTING,sub-19,0.05,0.06153846153846154,0.1,0.0006923076923076923,130
HC,RESTING,sub-19,0.15000000000000008,0.1,0.1,0.0006923076923076923,130
HC,RESTING,sub-19,0.25000000000000006,0.1,0.1,0.0006923076923076923,130
HC,RESTING,sub-19,0.35000000000000003,0.11538461538461539,0.1,0.0006923076923076923,130
HC,RESTING,sub-19,0.45,0.1,0.1,0.0006923076923076923,130
HC,ODDBALL,sub-20,-0.45,0.125,0.1,0.0016071428571428571,56
HC,ODDBALL,sub-20,-0.35000000000000003,0.125,0.1,0.0016071428571428571,56
HC,ODDBALL,sub-20,-0.25,0.05357142857142857,0.1,0.0016071428571428571,56
HC,ODDBALL,sub-20,-0.14999999999999997,0.05357142857142857,0.1,0.0016071428571428571,56
HC,ODDBALL,sub-20,-0.049999999999999975,0.14285714285714285,0.1,0.0016071428571428571,56
HC,ODDBALL,sub-20,0.05,0.05357142857142857,0.1,0.0016071428571428571,56
HC,ODDBALL,sub-20,0.15000000000000008,0.125,0.1,0.0016071428571428571,56
HC,ODDBALL,sub-20,0.25000000000000006,0.10714285714285714,0.1,0.0016071428571428571,56
HC,ODDBALL,sub-20,0.35000000000000003,0.14285714285714285,0.1,0.0016071428571428571,56
HC,ODDBALL,sub-20,0.45,0.07142857142857142,0.1,0.0016071428571428571,56
HC,RESTING,sub-20,-0.45,0.06382978723404255,0.1,0.0019148936170212765,47
HC,RESTING,sub-20,-0.35000000000000003,0.1276595744680851,0.1,0.0019148936170212765,47
HC,RESTING,sub-20,-0.25,0.1702127659574468,0.1,0.0019148936170212765,47
HC,RESTING,sub-20,-0.14999999999999997,0.10638297872340426,0.1,0.0019148936170212765,47
HC,RESTING,sub-20,-0.049999999999999975,0.1276595744680851,0.1,0.0019148936170212765,47
HC,RESTING,sub-20,0.05,0.0851063829787234,0.1,0.0019148936170212765,47
HC,RESTING,sub-20,0.15000000000000008,0.06382978723404255,0.1,0.0019148936170212765,47
HC,RESTING,sub-20,0.25000000000000006,0.10638297872340426,0.1,0.0019148936170212765,47
HC,RESTING,sub-20,0.35000000000000003,0.0425531914893617,0.1,0.0019148936170212765,47
HC,RESTING,sub-20,0.45,0.10638297872340426,0.1,0.0019148936170212765,47
eMCS,ODDBALL,sub-21,-0.45,0.07692307692307693,0.1,0.0013846153846153845,65
eMCS,ODDBALL,sub-21,-0.35000000000000003,0.046153846153846156,0.1,0.0013846153846153845,65
eMCS,ODDBALL,sub-21,-0.25,0.03076923076923077,0.1,0.0013846153846153845,65
eMCS,ODDBALL,sub-21,-0.14999999999999997,0.15384615384615385,0.1,0.0013846153846153845,65
eMCS,ODDBALL,sub-21,-0.049999999999999975,0.13846153846153847,0.1,0.0013846153846153845,65
eMCS,ODDBALL,sub-21,0.05,0.03076923076923077,0.1,0.0013846153846153845,65
eMCS,ODDBALL,sub-21,0.15000000000000008,0.09230769230769231,0.1,0.0013846153846153845,65
eMCS,ODDBALL,sub-21,0.25000000000000006,0.16923076923076924,0.1,0.0013846153846153845,65
eMCS,ODDBALL,sub-21,0.35000000000000003,0.09230769230769231,0.1,0.0013846153846153845,65
eMCS,ODDBALL,sub-21,0.45,0.16923076923076924,0.1,0.0013846153846153845,65
eMCS,RESTING,sub-21,-0.45,0.10294117647058823,0.1,0.0013235294117647058,68
eMCS,RESTING,sub-21,-0.35000000000000003,0.14705882352941177,0.1,0.0013235294117647058,68
eMCS,RESTING,sub-21,-0.25,0.14705882352941177,0.1,0.0013235294117647058,68
eMCS,RESTING,sub-21,-0.14999999999999997,0.11764705882352941,0.1,0.0013235294117647058,68
eMCS,RESTING,sub-21,-0.049999999999999975,0.058823529411764705,0.1,0.0013235294117647058,68
eMCS,RESTING,sub-21,0.05,0.058823529411764705,0.1,0.0013235294117647058,68
eMCS,RESTING,sub-21,0.15000000000000008,0.07352941176470588,0.1,0.0013235294117647058,68
eMCS,RESTING,sub-21,0.25000000000000006,0.1323529411764706,0.1,0.0013235294117647058,68
eMCS,RESTING,sub-21,0.35000000000000003,0.10294117647058823,0.1,0.0013235294117647058,68
eMCS,RESTING,sub-21,0.45,0.058823529411764705,0.1,0.0013235294117647058,68
pDoC,ODDBALL,sub-22,-0.45,0.06796116504854369,0.1,0.0008737864077669903,103
pDoC,ODDBALL,sub-22,-0.35000000000000003,0.07766990291262135,0.1,0.0008737864077669903,103
pDoC,ODDBALL,sub-22,-0.25,0.10679611650485436,0.1,0.0008737864077669903,103
pDoC,ODDBALL,sub-22,-0.14999999999999997,0.13592233009708737,0.1,0.0008737864077669903,103
pDoC,ODDBALL,sub-22,-0.049999999999999975,0.1262135922330097,0.1,0.0008737864077669903,103
pDoC,ODDBALL,sub-22,0.05,0.10679611650485436,0.1,0.0008737864077669903,103
pDoC,ODDBALL,sub-22,0.15000000000000008,0.1553398058252427,0.1,0.0008737864077669903,103
pDoC,ODDBALL,sub-22,0.25000000000000006,0.08737864077669903,0.1,0.0008737864077669903,103
pDoC,ODDBALL,sub-22,0.35000000000000003,0.05825242718446602,0.1,0.0008737864077669903,103
pDoC,ODDBALL,sub-22,0.45,0.07766990291262135,0.1,0.0008737864077669903,103
pDoC,RESTING,sub-22,-0.45,0.102803738317757,0.1,0.0008411214953271028,107
pDoC,RESTING,sub-22,-0.35000000000000003,0.09345794392523364,0.1,0.0008411214953271028,107
pDoC,RESTING,sub-22,-0.25,0.08411214953271028,0.1,0.0008411214953271028,107
pDoC,RESTING,sub-22,-0.14999999999999997,0.18691588785046728,0.1,0.0008411214953271028,107
pDoC,RESTING,sub-22,-0.049999999999999975,0.06542056074766354,0.1,0.0008411214953271028,107
pDoC,RESTING,sub-22,0.05,0.07476635514018691,0.1,0.0008411214953271028,107
pDoC,RESTING,sub-22,0.15000000000000008,0.1308411214953271,0.1,0.0008411214953271028,107
pDoC,RESTING,sub-22,0.25000000000000006,0.11214953271028037,0.1,0.0008411214953271028,107
pDoC,RESTING,sub-22,0.35000000000000003,0.06542056074766354,0.1,0.0008411214953271028,107
pDoC,RESTING,sub-22,0.45,0.08411214953271028,0.1,0.0008411214953271028,107
eMCS,ODDBALL,sub-23,-0.45,0.13761467889908258,0.1,0.0008256880733944954,109
eMCS,ODDBALL,sub-23,-0.35000000000000003,0.12844036697247707,0.1,0.0008256880733944954,109
eMCS,ODDBALL,sub-23,-0.25,0.08256880733944955,0.1,0.0008256880733944954,109
eMCS,ODDBALL,sub-23,-0.14999999999999997,0.07339449541284404,0.1,0.0008256880733944954,109
eMCS,ODDBALL,sub-23,-0.049999999999999975,0.13761467889908258,0.1,0.0008256880733944954,109
eMCS,ODDBALL,sub-23,0.05,0.11926605504587157,0.1,0.0008256880733944954,109
eMCS,ODDBALL,sub-23,0.15000000000000008,0.11926605504587157,0.1,0.0008256880733944954,109
eMCS,ODDBALL,sub-23,0.25000000000000006,0.06422018348623854,0.1,0.0008256880733944954,109
eMCS,ODDBALL,sub-23,0.35000000000000003,0.06422018348623854,0.1,0.0008256880733944954,109
eMCS,ODDBALL,sub-23,0.45,0.07339449541284404,0.1,0.0008256880733944954,109
eMCS,RESTING,sub-23,-0.45,0.10679611650485436,0.1,0.0008737864077669903,103
eMCS,RESTING,sub-23,-0.35000000000000003,0.11650485436893204,0.1,0.0008737864077669903,103
eMCS,RESTING,sub-23,-0.25,0.11650485436893204,0.1,0.0008737864077669903,103
eMCS,RESTING,sub-23,-0.14999999999999997,0.04854368932038835,0.1,0.0008737864077669903,103
eMCS,RESTING,sub-23,-0.049999999999999975,0.1262135922330097,0.1,0.0008737864077669903,103
eMCS,RESTING,sub-23,0.05,0.04854368932038835,0.1,0.0008737864077669903,103
eMCS,RESTING,sub-23,0.15000000000000008,0.10679611650485436,0.1,0.0008737864077669903,103
eMCS,RESTING,sub-23,0.25000000000000006,0.1262135922330097,0.1,0.0008737864077669903,103
eMCS,RESTING,sub-23,0.35000000000000003,0.07766990291262135,0.1,0.0008737864077669903,103
eMCS,RESTING,sub-23,0.45,0.1262135922330097,0.1,0.0008737864077669903,103
pDoC,ODDBALL,sub-24,-0.45,0.07407407407407407,0.1,0.0011111111111111111,81
pDoC,ODDBALL,sub-24,-0.35000000000000003,0.13580246913580246,0.1,0.0011111111111111111,81
pDoC,ODDBALL,sub-24,-0.25,0.12345679012345678,0.1,0.0011111111111111111,81
pDoC,ODDBALL,sub-24,-0.14999999999999997,0.1728395061728395,0.1,0.0011111111111111111,81
pDoC,ODDBALL,sub-24,-0.049999999999999975,0.06172839506172839,0.1,0.0011111111111111111,81
pDoC,ODDBALL,sub-24,0.05,0.12345679012345678,0.1,0.0011111111111111111,81
pDoC,ODDBALL,sub-24,0.15000000000000008,0.07407407407407407,0.1,0.0011111111111111111,81
pDoC,ODDBALL,sub-24,0.25000000000000006,0.037037037037037035,0.1,0.0011111111111111111,81
pDoC,ODDBALL,sub-24,0.35000000000000003,0.09876543209876543,0.1,0.0011111111111111111,81
pDoC,ODDBALL,sub-24,0.45,0.09876543209876543,0.1,0.0011111111111111111,81
pDoC,RESTING,sub-24,-0.45,0.08860759493670886,0.1,0.001139240506329114,79
pDoC,RESTING,sub-24,-0.35000000000000003,0.05063291139240506,0.1,0.001139240506329114,79
pDoC,RESTING,sub-24,-0.25,0.11392405063291139,0.1,0.001139240506329114,79
pDoC,RESTING,sub-24,-0.14999999999999997,0.16455696202531644,0.1,0.001139240506329114,79
pDoC,RESTING,sub-24,-0.049999999999999975,0.08860759493670886,0.1,0.001139240506329114,79
pDoC,RESTING,sub-24,0.05,0.08860759493670886,0.1,0.001139240506329114,79
pDoC,RESTING,sub-24,0.15000000000000008,0.11392405063291139,0.1,0.001139240506329114,79
pDoC,RESTING,sub-24,0.25000000000000006,0.0759493670886076,0.1,0.001139240506329114,79
pDoC,RESTING,sub-24,0.35000000000000003,0.1518987341772152,0.1,0.001139240506329114,79
pDoC,RESTING,sub-24,0.45,0.06329113924050633,0.1,0.001139240506329114,79
eMCS,ODDBALL,sub-25,-0.45,0.11864406779661017,0.1,0.0007627118644067797,118
eMCS,ODDBALL,sub-25,-0.35000000000000003,0.15254237288135594,0.1,0.0007627118644067797,118
eMCS,ODDBALL,sub-25,-0.25,0.07627118644067797,0.1,0.0007627118644067797,118
eMCS,ODDBALL,sub-25,-0.14999999999999997,0.06779661016949153,0.1,0.0007627118644067797,118
eMCS,ODDBALL,sub-25,-0.049999999999999975,0.05084745762711865,0.1,0.0007627118644067797,118
eMCS,ODDBALL,sub-25,0.05,0.06779661016949153,0.1,0.0007627118644067797,118
eMCS,ODDBALL,sub-25,0.15000000000000008,0.059322033898305086,0.1,0.0007627118644067797,118
eMCS,ODDBALL,sub-25,0.25000000000000006,0.1440677966101695,0.1,0.0007627118644067797,118
eMCS,ODDBALL,sub-25,0.35000000000000003,0.17796610169491525,0.1,0.0007627118644067797,118
eMCS,ODDBALL,sub-25,0.45,0.0847457627118644,0.1,0.0007627118644067797,118
eMCS,RESTING,sub-25,-0.45,0.10869565217391304,0.1,0.0009782608695652175,92
eMCS,RESTING,sub-25,-0.35000000000000003,0.15217391304347827,0.1,0.0009782608695652175,92
eMCS,RESTING,sub-25,-0.25,0.07608695652173914,0.1,0.0009782608695652175,92
eMCS,RESTING,sub-25,-0.14999999999999997,0.05434782608695652,0.1,0.0009782608695652175,92
eMCS,RESTING,sub-25,-0.049999999999999975,0.07608695652173914,0.1,0.0009782608695652175,92
eMCS,RESTING,sub-25,0.05,0.13043478260869565,0.1,0.0009782608695652175,92
eMCS,RESTING,sub-25,0.15000000000000008,0.06521739130434782,0.1,0.0009782608695652175,92
eMCS,RESTING,sub-25,0.25000000000000006,0.14130434782608695,0.1,0.0009782608695652175,92
eMCS,RESTING,sub-25,0.35000000000000003,0.09782608695652174,0.1,0.0009782608695652175,92
eMCS,RESTING,sub-25,0.45,0.09782608695652174,0.1,0.0009782608695652175,92
pDoC,ODDBALL,sub-26,-0.45,0.06493506493506493,0.1,0.0011688311688311688,77
pDoC,ODDBALL,sub-26,-0.35000000000000003,0.09090909090909091,0.1,0.0011688311688311688,77
pDoC,ODDBALL,sub-26,-0.25,0.11688311688311688,0.1,0.0011688311688311688,77
pDoC,ODDBALL,sub-26,-0.14999999999999997,0.15584415584415584,0.1,0.0011688311688311688,77
pDoC,ODDBALL,sub-26,-0.049999999999999975,0.11688311688311688,0.1,0.0011688311688311688,77
pDoC,ODDBALL,sub-26,0.05,0.09090909090909091,0.1,0.0011688311688311688,77
pDoC,ODDBALL,sub-26,0.15000000000000008,0.09090909090909091,0.1,0.0011688311688311688,77
pDoC,ODDBALL,sub-26,0.25000000000000006,0.1038961038961039,0.1,0.0011688311688311688,77
pDoC,ODDBALL,sub-26,0.35000000000000003,0.1038961038961039,0.1,0.0011688311688311688,77
pDoC,ODDBALL,sub-26,0.45,0.06493506493506493,0.1,0.0011688311688311688,77
pDoC,RESTING,sub-26,-0.45,0.045454545454545456,0.1,0.0013636363636363637,66
pDoC,RESTING,sub-26,-0.35000000000000003,0.10606060606060606,0.1,0.0013636363636363637,66
pDoC,RESTING,sub-26,-0.25,0.10606060606060606,0.1,0.0013636363636363637,66
pDoC,RESTING,sub-26,-0.14999999999999997,0.10606060606060606,0.1,0.0013636363636363637,66
pDoC,RESTING,sub-26,-0.049999999999999975,0.045454545454545456,0.1,0.0013636363636363637,66
pDoC,RESTING,sub-26,0.05,0.12121212121212122,0.1,0.0013636363636363637,66
pDoC,RESTING,sub-26,0.15000000000000008,0.10606060606060606,0.1,0.0013636363636363637,66
pDoC,RESTING,sub-26,0.25000000000000006,0.12121212121212122,0.1,0.0013636363636363637,66
pDoC,RESTING,sub-26,0.35000000000000003,0.09090909090909091,0.1,0.0013636363636363637,66
pDoC,RESTING,sub-26,0.45,0.15151515151515152,0.1,0.0013636363636363637,66
eMCS,ODDBALL,sub-27,-0.45,0.07692307692307693,0.1,0.0006923076923076923,130
eMCS,ODDBALL,sub-27,-0.35000000000000003,0.12307692307692308,0.1,0.0006923076923076923,130
eMCS,ODDBALL,sub-27,-0.25,0.09230769230769231,0.1,0.0006923076923076923,130
eMCS,ODDBALL,sub-27,-0.14999999999999997,0.12307692307692308,0.1,0.0006923076923076923,130
eMCS,ODDBALL,sub-27,-0.049999999999999975,0.03076923076923077,0.1,0.0006923076923076923,130
eMCS,ODDBALL,sub-27,0.05,0.12307692307692308,0.1,0.0006923076923076923,130
eMCS,ODDBALL,sub-27,0.15000000000000008,0.15384615384615385,0.1,0.0006923076923076923,130
eMCS,ODDBALL,sub-27,0.25000000000000006,0.06923076923076923,0.1,0.0006923076923076923,130
eMCS,ODDBALL,sub-27,0.35000000000000003,0.08461538461538462,0.1,0.0006923076923076923,130
eMCS,ODDBALL,sub-27,0.45,0.12307692307692308,0.1,0.0006923076923076923,130
eMCS,RESTING,sub-27,-0.45,0.10679611650485436,0.1,0.00043689320388349515,206
eMCS,RESTING,sub-27,-0.35000000000000003,0.06796116504854369,0.1,0.00043689320388349515,206
eMCS,RESTING,sub-27,-0.25,0.11165048543689321,0.1,0.00043689320388349515,206
eMCS,RESTING,sub-27,-0.14999999999999997,0.11650485436893204,0.1,0.00043689320388349515,206
eMCS,RESTING,sub-27,-0.049999999999999975,0.08737864077669903,0.1,0.00043689320388349515,206
eMCS,RESTING,sub-27,0.05,0.1262135922330097,0.1,0.00043689320388349515,206
eMCS,RESTING,sub-27,0.15000000000000008,0.06796116504854369,0.1,0.00043689320388349515,206
eMCS,RESTING,sub-27,0.25000000000000006,0.11650485436893204,0.1,0.00043689320388349515,206
eMCS,RESTING,sub-27,0.35000000000000003,0.13106796116504854,0.1,0.00043689320388349515,206
eMCS,RESTING,sub-27,0.45,0.07281553398058252,0.1,0.00043689320388349515,206
eMCS,ODDBALL,sub-28,-0.45,0.1631578947368421,0.1,0.00047368421052631577,190
eMCS,ODDBALL,sub-28,-0.35000000000000003,0.16842105263157894,0.1,0.00047368421052631577,190
eMCS,ODDBALL,sub-28,-0.25,0.13157894736842105,0.1,0.00047368421052631577,190
eMCS,ODDBALL,sub-28,-0.14999999999999997,0.1,0.1,0.00047368421052631577,190
eMCS,ODDBALL,sub-28,-0.049999999999999975,0.09473684210526316,0.1,0.00047368421052631577,190
eMCS,ODDBALL,sub-28,0.05,0.06842105263157895,0.1,0.00047368421052631577,190
eMCS,ODDBALL,sub-28,0.15000000000000008,0.05263157894736842,0.1,0.00047368421052631577,190
eMCS,ODDBALL,sub-28,0.25000000000000006,0.06315789473684211,0.1,0.00047368421052631577,190
eMCS,ODDBALL,sub-28,0.35000000000000003,0.08421052631578947,0.1,0.00047368421052631577,190
eMCS,ODDBALL,sub-28,0.45,0.07368421052631578,0.1,0.00047368421052631577,190
eMCS,RESTING,sub-28,-0.45,0.07482993197278912,0.1,0.0006122448979591836,147
eMCS,RESTING,sub-28,-0.35000000000000003,0.07482993197278912,0.1,0.0006122448979591836,147
eMCS,RESTING,sub-28,-0.25,0.10204081632653061,0.1,0.0006122448979591836,147
eMCS,RESTING,sub-28,-0.14999999999999997,0.10884353741496598,0.1,0.0006122448979591836,147
eMCS,RESTING,sub-28,-0.049999999999999975,0.10884353741496598,0.1,0.0006122448979591836,147
eMCS,RESTING,sub-28,0.05,0.11564625850340136,0.1,0.0006122448979591836,147
eMCS,RESTING,sub-28,0.15000000000000008,0.10204081632653061,0.1,0.0006122448979591836,147
eMCS,RESTING,sub-28,0.25000000000000006,0.07482993197278912,0.1,0.0006122448979591836,147
eMCS,RESTING,sub-28,0.35000000000000003,0.12244897959183673,0.1,0.0006122448979591836,147
eMCS,RESTING,sub-28,0.45,0.11564625850340136,0.1,0.0006122448979591836,147
pDoC,ODDBALL,sub-29,-0.45,0.15172413793103448,0.1,0.0006206896551724138,145
pDoC,ODDBALL,sub-29,-0.35000000000000003,0.08275862068965517,0.1,0.0006206896551724138,145
pDoC,ODDBALL,sub-29,-0.25,0.1103448275862069,0.1,0.0006206896551724138,145
pDoC,ODDBALL,sub-29,-0.14999999999999997,0.11724137931034483,0.1,0.0006206896551724138,145
pDoC,ODDBALL,sub-29,-0.049999999999999975,0.09655172413793103,0.1,0.0006206896551724138,145
pDoC,ODDBALL,sub-29,0.05,0.08275862068965517,0.1,0.0006206896551724138,145
pDoC,ODDBALL,sub-29,0.15000000000000008,0.07586206896551724,0.1,0.0006206896551724138,145
pDoC,ODDBALL,sub-29,0.25000000000000006,0.10344827586206896,0.1,0.0006206896551724138,145
pDoC,ODDBALL,sub-29,0.35000000000000003,0.0896551724137931,0.1,0.0006206896551724138,145
pDoC,ODDBALL,sub-29,0.45,0.0896551724137931,0.1,0.0006206896551724138,145
pDoC,RESTING,sub-29,-0.45,0.1223021582733813,0.1,0.0006474820143884892,139
pDoC,RESTING,sub-29,-0.35000000000000003,0.1079136690647482,0.1,0.0006474820143884892,139
pDoC,RESTING,sub-29,-0.25,0.06474820143884892,0.1,0.0006474820143884892,139
pDoC,RESTING,sub-29,-0.14999999999999997,0.1079136690647482,0.1,0.0006474820143884892,139
pDoC,RESTING,sub-29,-0.049999999999999975,0.12949640287769784,0.1,0.0006474820143884892,139
pDoC,RESTING,sub-29,0.05,0.1366906474820144,0.1,0.0006474820143884892,139
pDoC,RESTING,sub-29,0.15000000000000008,0.07194244604316546,0.1,0.0006474820143884892,139
pDoC,RESTING,sub-29,0.25000000000000006,0.10071942446043165,0.1,0.0006474820143884892,139
pDoC,RESTING,sub-29,0.35000000000000003,0.06474820143884892,0.1,0.0006474820143884892,139
pDoC,RESTING,sub-29,0.45,0.09352517985611511,0.1,0.0006474820143884892,139
eMCS,ODDBALL,sub-30,-0.45,0.1076923076923077,0.1,0.0013846153846153845,65
eMCS,ODDBALL,sub-30,-0.35000000000000003,0.09230769230769231,0.1,0.0013846153846153845,65
eMCS,ODDBALL,sub-30,-0.25,0.13846153846153847,0.1,0.0013846153846153845,65
eMCS,ODDBALL,sub-30,-0.14999999999999997,0.046153846153846156,0.1,0.0013846153846153845,65
eMCS,ODDBALL,sub-30,-0.049999999999999975,0.1076923076923077,0.1,0.0013846153846153845,65
eMCS,ODDBALL,sub-30,0.05,0.12307692307692308,0.1,0.0013846153846153845,65
eMCS,ODDBALL,sub-30,0.15000000000000008,0.06153846153846154,0.1,0.0013846153846153845,65
eMCS,ODDBALL,sub-30,0.25000000000000006,0.09230769230769231,0.1,0.0013846153846153845,65
eMCS,ODDBALL,sub-30,0.35000000000000003,0.15384615384615385,0.1,0.0013846153846153845,65
eMCS,ODDBALL,sub-30,0.45,0.07692307692307693,0.1,0.0013846153846153845,65
eMCS,RESTING,sub-30,-0.45,0.12903225806451613,0.1,0.0014516129032258066,62
eMCS,RESTING,sub-30,-0.35000000000000003,0.0967741935483871,0.1,0.0014516129032258066,62
eMCS,RESTING,sub-30,-0.25,0.11290322580645161,0.1,0.0014516129032258066,62
eMCS,RESTING,sub-30,-0.14999999999999997,0.14516129032258066,0.1,0.0014516129032258066,62
eMCS,RESTING,sub-30,-0.049999999999999975,0.04838709677419355,0.1,0.0014516129032258066,62
eMCS,RESTING,sub-30,0.05,0.06451612903225806,0.1,0.0014516129032258066,62
eMCS,RESTING,sub-30,0.15000000000000008,0.08064516129032258,0.1,0.0014516129032258066,62
eMCS,RESTING,sub-30,0.25000000000000006,0.04838709677419355,0.1,0.0014516129032258066,62
eMCS,RESTING,sub-30,0.35000000000000003,0.11290322580645161,0.1,0.0014516129032258066,62
eMCS,RESTING,sub-30,0.45,0.16129032258064516,0.1,0.0014516129032258066,62
eMCS,ODDBALL,sub-31,-0.45,0.12698412698412698,0.1,0.0007142857142857143,126
eMCS,ODDBALL,sub-31,-0.35000000000000003,0.09523809523809523,0.1,0.0007142857142857143,126
eMCS,ODDBALL,sub-31,-0.25,0.1111111111111111,0.1,0.0007142857142857143,126
eMCS,ODDBALL,sub-31,-0.14999999999999997,0.10317460317460317,0.1,0.0007142857142857143,126
eMCS,ODDBALL,sub-31,-0.049999999999999975,0.14285714285714285,0.1,0.0007142857142857143,126
eMCS,ODDBALL,sub-31,0.05,0.0873015873015873,0.1,0.0007142857142857143,126
eMCS,ODDBALL,sub-31,0.15000000000000008,0.06349206349206349,0.1,0.0007142857142857143,126
eMCS,ODDBALL,sub-31,0.25000000000000006,0.06349206349206349,0.1,0.0007142857142857143,126
eMCS,ODDBALL,sub-31,0.35000000000000003,0.05555555555555555,0.1,0.0007142857142857143,126
eMCS,ODDBALL,sub-31,0.45,0.15079365079365079,0.1,0.0007142857142857143,126
eMCS,RESTING,sub-31,-0.45,0.0945945945945946,0.1,0.0006081081081081081,148
eMCS,RESTING,sub-31,-0.35000000000000003,0.12162162162162163,0.1,0.0006081081081081081,148
eMCS,RESTING,sub-31,-0.25,0.12162162162162163,0.1,0.0006081081081081081,148
eMCS,RESTING,sub-31,-0.14999999999999997,0.06756756756756757,0.1,0.0006081081081081081,148
eMCS,RESTING,sub-31,-0.049999999999999975,0.0945945945945946,0.1,0.0006081081081081081,148
eMCS,RESTING,sub-31,0.05,0.08783783783783784,0.1,0.0006081081081081081,148
eMCS,RESTING,sub-31,0.15000000000000008,0.10135135135135136,0.1,0.0006081081081081081,148
eMCS,RESTING,sub-31,0.25000000000000006,0.12837837837837837,0.1,0.0006081081081081081,148
eMCS,RESTING,sub-31,0.35000000000000003,0.08108108108108109,0.1,0.0006081081081081081,148
eMCS,RESTING,sub-31,0.45,0.10135135135135136,0.1,0.0006081081081081081,148
pDoC,ODDBALL,sub-32,-0.45,0.10655737704918032,0.1,0.0007377049180327869,122
pDoC,ODDBALL,sub-32,-0.35000000000000003,0.04918032786885246,0.1,0.0007377049180327869,122
pDoC,ODDBALL,sub-32,-0.25,0.10655737704918032,0.1,0.0007377049180327869,122
pDoC,ODDBALL,sub-32,-0.14999999999999997,0.09016393442622951,0.1,0.0007377049180327869,122
pDoC,ODDBALL,sub-32,-0.049999999999999975,0.14754098360655737,0.1,0.0007377049180327869,122
pDoC,ODDBALL,sub-32,0.05,0.09016393442622951,0.1,0.0007377049180327869,122
pDoC,ODDBALL,sub-32,0.15000000000000008,0.11475409836065574,0.1,0.0007377049180327869,122
pDoC,ODDBALL,sub-32,0.25000000000000006,0.09836065573770492,0.1,0.0007377049180327869,122
pDoC,ODDBALL,sub-32,0.35000000000000003,0.09016393442622951,0.1,0.0007377049180327869,122
pDoC,ODDBALL,sub-32,0.45,0.10655737704918032,0.1,0.0007377049180327869,122
pDoC,RESTING,sub-32,-0.45,0.08181818181818182,0.1,0.0008181818181818182,110
pDoC,RESTING,sub-32,-0.35000000000000003,0.08181818181818182,0.1,0.0008181818181818182,110
pDoC,RESTING,sub-32,-0.25,0.09090909090909091,0.1,0.0008181818181818182,110
pDoC,RESTING,sub-32,-0.14999999999999997,0.10909090909090909,0.1,0.0008181818181818182,110
pDoC,RESTING,sub-32,-0.049999999999999975,0.10909090909090909,0.1,0.0008181818181818182,110
pDoC,RESTING,sub-32,0.05,0.10909090909090909,0.1,0.0008181818181818182,110
pDoC,RESTING,sub-32,0.15000000000000008,0.11818181818181818,0.1,0.0008181818181818182,110
pDoC,RESTING,sub-32,0.25000000000000006,0.045454545454545456,0.1,0.0008181818181818182,110
pDoC,RESTING,sub-32,0.35000000000000003,0.16363636363636364,0.1,0.0008181818181818182,110
pDoC,RESTING,sub-32,0.45,0.09090909090909091,0.1,0.0008181818181818182,110
eMCS,ODDBALL,sub-33,-0.45,0.13432835820895522,0.1,0.0013432835820895521,67
eMCS,ODDBALL,sub-33,-0.35000000000000003,0.05970149253731343,0.1,0.0013432835820895521,67
eMCS,ODDBALL,sub-33,-0.25,0.14925373134328357,0.1,0.0013432835820895521,67
eMCS,ODDBALL,sub-33,-0.14999999999999997,0.1044776119402985,0.1,0.0013432835820895521,67
eMCS,ODDBALL,sub-33,-0.049999999999999975,0.07462686567164178,0.1,0.0013432835820895521,67
eMCS,ODDBALL,sub-33,0.05,0.07462686567164178,0.1,0.0013432835820895521,67
eMCS,ODDBALL,sub-33,0.15000000000000008,0.07462686567164178,0.1,0.0013432835820895521,67
eMCS,ODDBALL,sub-33,0.25000000000000006,0.1791044776119403,0.1,0.0013432835820895521,67
eMCS,ODDBALL,sub-33,0.35000000000000003,0.05970149253731343,0.1,0.0013432835820895521,67
eMCS,ODDBALL,sub-33,0.45,0.08955223880597014,0.1,0.0013432835820895521,67
eMCS,RESTING,sub-33,-0.45,0.14285714285714285,0.1,0.0008571428571428571,105
eMCS,RESTING,sub-33,-0.35000000000000003,0.12380952380952381,0.1,0.0008571428571428571,105
eMCS,RESTING,sub-33,-0.25,0.05714285714285714,0.1,0.0008571428571428571,105
eMCS,RESTING,sub-33,-0.14999999999999997,0.08571428571428572,0.1,0.0008571428571428571,105
eMCS,RESTING,sub-33,-0.049999999999999975,0.0761904761904762,0.1,0.0008571428571428571,105
eMCS,RESTING,sub-33,0.05,0.12380952380952381,0.1,0.0008571428571428571,105
eMCS,RESTING,sub-33,0.15000000000000008,0.08571428571428572,0.1,0.0008571428571428571,105
eMCS,RESTING,sub-33,0.25000000000000006,0.09523809523809523,0.1,0.0008571428571428571,105
eMCS,RESTING,sub-33,0.35000000000000003,0.11428571428571428,0.1,0.0008571428571428571,105
eMCS,RESTING,sub-33,0.45,0.09523809523809523,0.1,0.0008571428571428571,105
eMCS,ODDBALL,sub-34,-0.45,0.12280701754385964,0.1,0.0015789473684210526,57
eMCS,ODDBALL,sub-34,-0.35000000000000003,0.10526315789473684,0.1,0.0015789473684210526,57
eMCS,ODDBALL,sub-34,-0.25,0.07017543859649122,0.1,0.0015789473684210526,57
eMCS,ODDBALL,sub-34,-0.14999999999999997,0.08771929824561403,0.1,0.0015789473684210526,57
eMCS,ODDBALL,sub-34,-0.049999999999999975,0.07017543859649122,0.1,0.0015789473684210526,57
eMCS,ODDBALL,sub-34,0.05,0.12280701754385964,0.1,0.0015789473684210526,57
eMCS,ODDBALL,sub-34,0.15000000000000008,0.07017543859649122,0.1,0.0015789473684210526,57
eMCS,ODDBALL,sub-34,0.25000000000000006,0.08771929824561403,0.1,0.0015789473684210526,57
eMCS,ODDBALL,sub-34,0.35000000000000003,0.14035087719298245,0.1,0.0015789473684210526,57
eMCS,ODDBALL,sub-34,0.45,0.12280701754385964,0.1,0.0015789473684210526,57
eMCS,RESTING,sub-34,-0.45,0.13178294573643412,0.1,0.0006976744186046512,129
eMCS,RESTING,sub-34,-0.35000000000000003,0.05426356589147287,0.1,0.0006976744186046512,129
eMCS,RESTING,sub-34,-0.25,0.13178294573643412,0.1,0.0006976744186046512,129
eMCS,RESTING,sub-34,-0.14999999999999997,0.08527131782945736,0.1,0.0006976744186046512,129
eMCS,RESTING,sub-34,-0.049999999999999975,0.03875968992248062,0.1,0.0006976744186046512,129
eMCS,RESTING,sub-34,0.05,0.07751937984496124,0.1,0.0006976744186046512,129
eMCS,RESTING,sub-34,0.15000000000000008,0.13178294573643412,0.1,0.0006976744186046512,129
eMCS,RESTING,sub-34,0.25000000000000006,0.13178294573643412,0.1,0.0006976744186046512,129
eMCS,RESTING,sub-34,0.35000000000000003,0.11627906976744186,0.1,0.0006976744186046512,129
eMCS,RESTING,sub-34,0.45,0.10077519379844961,0.1,0.0006976744186046512,129
eMCS,ODDBALL,sub-35,-0.45,0.08235294117647059,0.1,0.0010588235294117646,85
eMCS,ODDBALL,sub-35,-0.35000000000000003,0.09411764705882353,0.1,0.0010588235294117646,85
eMCS,ODDBALL,sub-35,-0.25,0.09411764705882353,0.1,0.0010588235294117646,85
eMCS,ODDBALL,sub-35,-0.14999999999999997,0.12941176470588237,0.1,0.0010588235294117646,85
eMCS,ODDBALL,sub-35,-0.049999999999999975,0.09411764705882353,0.1,0.0010588235294117646,85
eMCS,ODDBALL,sub-35,0.05,0.058823529411764705,0.1,0.0010588235294117646,85
eMCS,ODDBALL,sub-35,0.15000000000000008,0.03529411764705882,0.1,0.0010588235294117646,85
eMCS,ODDBALL,sub-35,0.25000000000000006,0.12941176470588237,0.1,0.0010588235294117646,85
eMCS,ODDBALL,sub-35,0.35000000000000003,0.09411764705882353,0.1,0.0010588235294117646,85
eMCS,ODDBALL,sub-35,0.45,0.18823529411764706,0.1,0.0010588235294117646,85
eMCS,RESTING,sub-35,-0.45,0.125,0.1,0.0008035714285714286,112
eMCS,RESTING,sub-35,-0.35000000000000003,0.044642857142857144,0.1,0.0008035714285714286,112
eMCS,RESTING,sub-35,-0.25,0.10714285714285714,0.1,0.0008035714285714286,112
eMCS,RESTING,sub-35,-0.14999999999999997,0.08035714285714286,0.1,0.0008035714285714286,112
eMCS,RESTING,sub-35,-0.049999999999999975,0.09821428571428571,0.1,0.0008035714285714286,112
eMCS,RESTING,sub-35,0.05,0.09821428571428571,0.1,0.0008035714285714286,112
eMCS,RESTING,sub-35,0.15000000000000008,0.0625,0.1,0.0008035714285714286,112
eMCS,RESTING,sub-35,0.25000000000000006,0.125,0.1,0.0008035714285714286,112
eMCS,RESTING,sub-35,0.35000000000000003,0.17857142857142858,0.1,0.0008035714285714286,112
eMCS,RESTING,sub-35,0.45,0.08035714285714286,0.1,0.0008035714285714286,112
pDoC,ODDBALL,sub-36,-0.45,0.10465116279069768,0.1,0.0010465116279069768,86
pDoC,ODDBALL,sub-36,-0.35000000000000003,0.08139534883720931,0.1,0.0010465116279069768,86
pDoC,ODDBALL,sub-36,-0.25,0.11627906976744186,0.1,0.0010465116279069768,86
pDoC,ODDBALL,sub-36,-0.14999999999999997,0.10465116279069768,0.1,0.0010465116279069768,86
pDoC,ODDBALL,sub-36,-0.049999999999999975,0.08139534883720931,0.1,0.0010465116279069768,86
pDoC,ODDBALL,sub-36,0.05,0.05813953488372093,0.1,0.0010465116279069768,86
pDoC,ODDBALL,sub-36,0.15000000000000008,0.12790697674418605,0.1,0.0010465116279069768,86
pDoC,ODDBALL,sub-36,0.25000000000000006,0.06976744186046512,0.1,0.0010465116279069768,86
pDoC,ODDBALL,sub-36,0.35000000000000003,0.13953488372093023,0.1,0.0010465116279069768,86
pDoC,ODDBALL,sub-36,0.45,0.11627906976744186,0.1,0.0010465116279069768,86
pDoC,RESTING,sub-36,-0.45,0.053763440860215055,0.1,0.000967741935483871,93
pDoC,RESTING,sub-36,-0.35000000000000003,0.08602150537634409,0.1,0.000967741935483871,93
pDoC,RESTING,sub-36,-0.25,0.07526881720430108,0.1,0.000967741935483871,93
pDoC,RESTING,sub-36,-0.14999999999999997,0.16129032258064516,0.1,0.000967741935483871,93
pDoC,RESTING,sub-36,-0.049999999999999975,0.12903225806451613,0.1,0.000967741935483871,93
pDoC,RESTING,sub-36,0.05,0.06451612903225806,0.1,0.000967741935483871,93
pDoC,RESTING,sub-36,0.15000000000000008,0.11827956989247312,0.1,0.000967741935483871,93
pDoC,RESTING,sub-36,0.25000000000000006,0.08602150537634409,0.1,0.000967741935483871,93
pDoC,RESTING,sub-36,0.35000000000000003,0.08602150537634409,0.1,0.000967741935483871,93
pDoC,RESTING,sub-36,0.45,0.13978494623655913,0.1,0.000967741935483871,93
pDoC,ODDBALL,sub-37,-0.45,0.11206896551724138,0.1,0.0007758620689655172,116
pDoC,ODDBALL,sub-37,-0.35000000000000003,0.12931034482758622,0.1,0.0007758620689655172,116
pDoC,ODDBALL,sub-37,-0.25,0.10344827586206896,0.1,0.0007758620689655172,116
pDoC,ODDBALL,sub-37,-0.14999999999999997,0.0603448275862069,0.1,0.0007758620689655172,116
pDoC,ODDBALL,sub-37,-0.049999999999999975,0.11206896551724138,0.1,0.0007758620689655172,116
pDoC,ODDBALL,sub-37,0.05,0.07758620689655173,0.1,0.0007758620689655172,116
pDoC,ODDBALL,sub-37,0.15000000000000008,0.13793103448275862,0.1,0.0007758620689655172,116
pDoC,ODDBALL,sub-37,0.25000000000000006,0.09482758620689655,0.1,0.0007758620689655172,116
pDoC,ODDBALL,sub-37,0.35000000000000003,0.11206896551724138,0.1,0.0007758620689655172,116
pDoC,ODDBALL,sub-37,0.45,0.0603448275862069,0.1,0.0007758620689655172,116
pDoC,RESTING,sub-37,-0.45,0.10843373493975904,0.1,0.0010843373493975904,83
pDoC,RESTING,sub-37,-0.35000000000000003,0.12048192771084337,0.1,0.0010843373493975904,83
pDoC,RESTING,sub-37,-0.25,0.03614457831325301,0.1,0.0010843373493975904,83
pDoC,RESTING,sub-37,-0.14999999999999997,0.10843373493975904,0.1,0.0010843373493975904,83
pDoC,RESTING,sub-37,-0.049999999999999975,0.10843373493975904,0.1,0.0010843373493975904,83
pDoC,RESTING,sub-37,0.05,0.10843373493975904,0.1,0.0010843373493975904,83
pDoC,RESTING,sub-37,0.15000000000000008,0.18072289156626506,0.1,0.0010843373493975904,83
pDoC,RESTING,sub-37,0.25000000000000006,0.04819277108433735,0.1,0.0010843373493975904,83
pDoC,RESTING,sub-37,0.35000000000000003,0.08433734939759036,0.1,0.0010843373493975904,83
pDoC,RESTING,sub-37,0.45,0.0963855421686747,0.1,0.0010843373493975904,83
eMCS,ODDBALL,sub-38,-0.45,0.05555555555555555,0.1,0.0008333333333333334,108
eMCS,ODDBALL,sub-38,-0.35000000000000003,0.12037037037037036,0.1,0.0008333333333333334,108
eMCS,ODDBALL,sub-38,-0.25,0.10185185185185185,0.1,0.0008333333333333334,108
eMCS,ODDBALL,sub-38,-0.14999999999999997,0.10185185185185185,0.1,0.0008333333333333334,108
eMCS,ODDBALL,sub-38,-0.049999999999999975,0.10185185185185185,0.1,0.0008333333333333334,108
eMCS,ODDBALL,sub-38,0.05,0.12962962962962962,0.1,0.0008333333333333334,108
eMCS,ODDBALL,sub-38,0.15000000000000008,0.12037037037037036,0.1,0.0008333333333333334,108
eMCS,ODDBALL,sub-38,0.25000000000000006,0.1388888888888889,0.1,0.0008333333333333334,108
eMCS,ODDBALL,sub-38,0.35000000000000003,0.046296296296296294,0.1,0.0008333333333333334,108
eMCS,ODDBALL,sub-38,0.45,0.08333333333333333,0.1,0.0008333333333333334,108
eMCS,RESTING,sub-38,-0.45,0.08666666666666667,0.1,0.0006,150
eMCS,RESTING,sub-38,-0.35000000000000003,0.12666666666666668,0.1,0.0006,150
eMCS,RESTING,sub-38,-0.25,0.08666666666666667,0.1,0.0006,150
eMCS,RESTING,sub-38,-0.14999999999999997,0.06,0.1,0.0006,150
eMCS,RESTING,sub-38,-0.049999999999999975,0.08,0.1,0.0006,150
eMCS,RESTING,sub-38,0.05,0.10666666666666667,0.1,0.0006,150
eMCS,RESTING,sub-38,0.15000000000000008,0.09333333333333334,0.1,0.0006,150
eMCS,RESTING,sub-38,0.25000000000000006,0.08,0.1,0.0006,150
eMCS,RESTING,sub-38,0.35000000000000003,0.14666666666666667,0.1,0.0006,150
eMCS,RESTING,sub-38,0.45,0.13333333333333333,0.1,0.0006,150
pDoC,ODDBALL,sub-39,-0.45,0.16091954022988506,0.1,0.0010344827586206897,87
pDoC,ODDBALL,sub-39,-0.35000000000000003,0.08045977011494253,0.1,0.0010344827586206897,87
pDoC,ODDBALL,sub-39,-0.25,0.13793103448275862,0.1,0.0010344827586206897,87
pDoC,ODDBALL,sub-39,-0.14999999999999997,0.08045977011494253,0.1,0.0010344827586206897,87
pDoC,ODDBALL,sub-39,-0.049999999999999975,0.10344827586206896,0.1,0.0010344827586206897,87
pDoC,ODDBALL,sub-39,0.05,0.12643678160919541,0.1,0.0010344827586206897,87
pDoC,ODDBALL,sub-39,0.15000000000000008,0.09195402298850575,0.1,0.0010344827586206897,87
pDoC,ODDBALL,sub-39,0.25000000000000006,0.09195402298850575,0.1,0.0010344827586206897,87
pDoC,ODDBALL,sub-39,0.35000000000000003,0.06896551724137931,0.1,0.0010344827586206897,87
pDoC,ODDBALL,sub-39,0.45,0.05747126436781609,0.1,0.0010344827586206897,87
pDoC,RESTING,sub-39,-0.45,0.0847457627118644,0.1,0.0007627118644067797,118
pDoC,RESTING,sub-39,-0.35000000000000003,0.0847457627118644,0.1,0.0007627118644067797,118
pDoC,RESTING,sub-39,-0.25,0.11016949152542373,0.1,0.0007627118644067797,118
pDoC,RESTING,sub-39,-0.14999999999999997,0.059322033898305086,0.1,0.0007627118644067797,118
pDoC,RESTING,sub-39,-0.049999999999999975,0.16101694915254236,0.1,0.0007627118644067797,118
pDoC,RESTING,sub-39,0.05,0.11016949152542373,0.1,0.0007627118644067797,118
pDoC,RESTING,sub-39,0.15000000000000008,0.1016949152542373,0.1,0.0007627118644067797,118
pDoC,RESTING,sub-39,0.25000000000000006,0.11864406779661017,0.1,0.0007627118644067797,118
pDoC,RESTING,sub-39,0.35000000000000003,0.0847457627118644,0.1,0.0007627118644067797,118
pDoC,RESTING,sub-39,0.45,0.0847457627118644,0.1,0.0007627118644067797,118
