Subject,A,q,tau,A_std,q_std,tau_std,loss,$\Delta$,$RMSE_0$,$RMSE$,$R^2$,Group,Clinical diagnosis
sub-00,0.04347086024758463,0.36538728378460955,0.2992834179891231,0.002192302561313854,0.04104446572129502,0.006135676789786277,0.02373305026240128,0.05016878815123063,0.04017746912068145,0.020448721509049646,0.7409597988306806,HC,HC
sub-01,0.053861382103729524,0.4395391702092985,0.2509755266271652,0.0030615359851025124,0.041983144869528234,0.006117013662011557,0.04722156946341662,0.06675883377559544,0.053988389419565755,0.029686871857795234,0.6976373575564927,HC,HC
sub-02,0.031159363041045232,-9.99999999486247e-16,0.23125083466681412,0.0032977916216181537,0.1058362975226489,0.01684436989079624,0.05274583344682906,0.031159363041045232,0.03701705540248379,0.02919858710536701,0.37781442827713063,HC,HC
sub-03,0.019010369220210318,0.20867952610652943,0.2749413418528927,0.001947962503882014,0.09593952610106805,0.014947262702417223,0.01843857195810043,0.0198759082721112,0.025581395348837212,0.021222701535246857,0.31173945555391824,HC,HC
sub-04,0.057253162539457045,0.27497496374987934,0.21186515410477647,0.0021525161322738435,0.03350996134274821,0.005142406432700839,0.0226008399883726,0.06193623769590627,0.048578406640147245,0.020905722293037752,0.814798788991855,HC,HC
sub-05,0.04853893612283931,0.41849641663625314,0.1455161066389485,0.0028226647304155188,0.04424915779033208,0.006496515532788357,0.039864870807944784,0.05884500646470413,0.048550415622761224,0.027635417214678874,0.675999151975419,HC,HC
sub-06,0.024945759976541134,0.653266889030015,0.3627238395391073,0.001739935751684402,0.033473385273156554,0.004460100921769285,0.017952282618710527,0.043516950609723555,0.031295748406337205,0.01689803427173792,0.7084576234182123,HC,HC
sub-07,0.0507928873305667,-9.999999907377337e-16,0.44011164365146177,0.002464336717338929,0.048517358401029345,0.007721777415673093,0.029453833978276237,0.0507928873305667,0.04296689244236598,0.021690882730677534,0.7451488701138307,HC,HC
sub-08,0.02624056237045048,0.40527958537691877,0.2326611730571336,0.000952565054597791,0.028117303792008597,0.0041473472630502725,0.004522812915721364,0.031397679683904306,0.023654952688678135,0.009982660756877114,0.821906340598669,HC,HC
sub-09,0.03542533853549295,3.07763274142497e-14,0.3238645276713643,0.0011485314257348484,0.032421184159961515,0.005159991726482873,0.006397753512671699,0.03542533853549295,0.028100106915336206,0.010975022008815657,0.8474560966672712,HC,HC
sub-10,0.06877704667692666,0.4890966351417845,0.2271656568023224,0.004968315884377537,0.04936895096484094,0.007058308137385363,0.12698477575399253,0.09040279915010449,0.072884568785892,0.0424559630231125,0.6606825337236427,HC,HC
sub-11,0.03584369188466232,-9.999999999999999e-16,0.13954772957792386,0.003243275520830381,0.09048385748991403,0.014400953254963066,0.05101635509757611,0.03584369188466232,0.038722850710108614,0.02853762463608151,0.4568734929704521,HC,HC
sub-12,0.02464547467975016,0.5469317095878408,0.15601330706100316,0.002120309542830231,0.0529017275403607,0.007386912825958187,0.023947016677001737,0.03516433248518862,0.0315520830952741,0.02179634759992139,0.522787977429066,HC,HC
sub-13,0.029101151262616396,-9.999999999999951e-16,0.46341311482042014,0.003636500672332064,0.1249607156097022,0.01988811551210081,0.06413706512647364,0.029101151262616396,0.04201451737007294,0.03624429970284504,0.2558154186733015,HC,HC
sub-14,0.031408067083059515,0.35746665184691184,0.30888222753964495,0.0028328098356542137,0.07407785377076731,0.011101863191606783,0.03956638984511723,0.036009440008665725,0.03708566851701537,0.02742113632374367,0.45328791823893455,HC,HC
sub-15,0.0062005615963057524,0.7693182139881849,0.34130456679274934,0.0024916103228741033,0.1299921729269378,0.01639782283914144,0.04634260520421432,0.015191888792399608,0.029166666666666653,0.02802566798708413,0.076709538599124,HC,HC
sub-16,0.024489467485166675,0.5476697646207744,0.271138287140681,0.0017348814383126969,0.04349730464598536,0.006071842161815448,0.01604070270462498,0.03498206358600319,0.028799915608860933,0.018082499973846193,0.6057837558367645,HC,HC
sub-17,0.04485691893644018,0.5195176096101723,0.1984828826648061,0.002460182258868495,0.035533381056414,0.005018479572168179,0.031660958894110885,0.061439295502546176,0.04724032387109537,0.02485720898021236,0.7231280277781498,HC,HC
sub-18,0.05154655031149896,0.40034253418759386,0.21756564319334867,0.0018128476461692499,0.02741693550242748,0.004050967344189342,0.016359356316200783,0.06138497461393529,0.045345485086736914,0.017263881119839085,0.855053154149441,HC,HC
sub-19,0.026457130053604325,0.6247824027611929,0.3556594782289423,0.0027163404150067736,0.05308322679779609,0.007164978792506487,0.042218873099737105,0.04339746157726933,0.04099892292379985,0.030832745900120074,0.4344389235097944,HC,HC
sub-20,0.01878980753876428,-9.855274387346558e-16,0.09091082442524129,0.0032821012822973235,0.17467455533341317,0.02780031894403956,0.05224511581821173,0.01878980753876428,0.03589241293257463,0.03316638185169007,0.14613171688754634,HC,HC
sub-21,0.023549926012443528,-9.999999999999999e-16,0.012910539022773332,0.0055092230460335795,0.23393801870385383,0.03723239216923983,0.14720496206927997,0.023549926012443528,0.052058228663657335,0.04913590116813467,0.10912026980525358,eMCS,eMCS
sub-22,0.034037972594640364,-9.99999999998893e-16,-0.2703454688189912,0.001772360272947898,0.05207008936926657,0.008287212105558574,0.015235115545635418,0.034037972594640364,0.03009708737864078,0.01697222956980881,0.6819987283210996,pDoC,MCS
sub-23,0.008667662895688155,0.802231564239893,-0.10270667616254775,0.0025305297783377234,0.0811674802755157,0.010076450629900561,0.05301606601012804,0.024318368894605685,0.029429385196964093,0.026144026234618485,0.21080820308512827,eMCS,eMCS
sub-24,0.033031145247223885,-9.999999999998589e-16,-0.48224402225822177,0.0028462155829418003,0.08616763257646785,0.013714004649757111,0.03928957425224538,0.033031145247223885,0.03803190568086263,0.029405006526742446,0.40221311102375334,pDoC,MCS
sub-25,0.04048049022952202,0.4452216693901061,0.190798684471347,0.0026646523965861407,0.04821476380586977,0.007010217238868896,0.03584524082241343,0.05048842340126317,0.04250825831859137,0.02545608261043446,0.6413783361133694,eMCS,eMCS
sub-26,0.02597019723073748,0.4229990369278047,-0.31722215741188403,0.0015512738917916916,0.04517006336613294,0.006621054491405889,0.012057304066332932,0.03162962942332531,0.025349638046679387,0.013823155127839522,0.7026480175133787,pDoC,UWS
sub-27,0.013681384902037746,0.7861137748952753,0.024483181669378202,0.0021714662986340337,0.047668222704973694,0.005964354514222253,0.03699851782048653,0.035812787492456206,0.03405529787873638,0.02831568910207373,0.3086707952246158,eMCS,eMCS
sub-28,0.04782710020005399,0.11977530826404999,0.4223016853510956,0.0018432583948679684,0.03771755369132781,0.005960333526510387,0.016481759481389364,0.04852322035899719,0.03903262361629297,0.016823743972102623,0.8142239119868578,eMCS,eMCS
sub-29,0.014457732118590643,0.14162832350925944,0.3905305898456038,0.00182015621594226,0.12215072393220563,0.019248798298022566,0.016074365429567486,0.014753669814664732,0.02120058779164054,0.01831074680425059,0.2540386766846481,pDoC,UWS
sub-30,0.010785031362423581,0.7579188170460144,0.26373482188200686,0.00225893710389815,0.07103614243650214,0.009010239656456089,0.03693718627812049,0.02534320663014823,0.03171619712013585,0.028594042789740308,0.1871902421329794,eMCS,eMCS
sub-31,0.024739728375659728,0.6576340417411131,0.3938423701649722,0.0018444179084965175,0.035350776311467956,0.00470082880451291,0.020295129908734215,0.04359289327286055,0.03178568951508061,0.017467928994587413,0.6979912247891191,eMCS,eMCS
sub-32,0.01515359771317647,0.4232976851615562,-0.18748664565285555,0.0018238944397895578,0.09097899832466608,0.013334325951841442,0.016669142233939224,0.018461556598623245,0.0234145194378454,0.020014054362016632,0.26936637929734175,pDoC,UWS
sub-33,0.013255975300678147,0.7945278724635609,0.17655348997855203,0.0025965447149834996,0.056548820341548955,0.007046614235166854,0.054362987931412254,0.03595080010218222,0.03894921895731311,0.033861220622740065,0.24419856469959422,eMCS,eMCS
sub-34,0.021753907118169276,-9.999999999999999e-16,0.1797636240299211,0.0020266786127302737,0.09316388994002736,0.01482749363891738,0.01992101706627716,0.021753907118169276,0.02487271382238214,0.0191393737001831,0.40788086184628725,eMCS,eMCS
sub-35,0.028261735833318306,0.4690703874314301,0.2417850178103758,0.0031378154506613667,0.07840132115940658,0.011296887282508807,0.05018194903919855,0.036234250238284436,0.03980923368397324,0.03167312366973879,0.3669847718196808,eMCS,eMCS
sub-36,0.014946670061941726,0.22688701481845128,0.21397867946556612,0.0021887676425090606,0.1354573921816277,0.021024361040070546,0.02329664840234117,0.015757848115534406,0.02504727817271861,0.02241362403508581,0.19923867855858546,pDoC,UWS
sub-37,0.006779007422880609,0.8114647415283778,0.09230810435808955,0.0018099966268530494,0.07080759078875816,0.008750746384411732,0.02805212061483427,0.019849229057090315,0.02533954906327424,0.02266144897406923,0.20020702270879032,pDoC,UWS
sub-38,0.023435531170512433,-9.999999994086908e-16,-0.2378161734844217,0.0024475769198503386,0.10443872198979846,0.016621938828868695,0.02905456897446734,0.023435531170512433,0.028926850651506145,0.02332179831519533,0.34998741691600377,eMCS,eMCS
sub-39,0.0018181439753747095,0.871338390586222,-0.0504057464434749,0.0021018676130282665,0.21007687470733896,0.025146201742292037,0.050535634312248646,0.0075513911100328415,0.030863727774936907,0.030727647568442935,0.008798691732383568,pDoC,MCS
