Group,Condition,Subject,N_stimuli,N_blinks_window,Rbar,Z,P,Preferred latency (s),P_fdr_bh_group
HC,ODDBALL,sub-00,390,168,0.22415755057605694,8.441430056683263,0.00019852852871758413,-0.46051201455718427,0.0011911711723055047
HC,RESTING,sub-00,390,183,0.08496038413567002,1.3209428376639516,0.2672120027421455,0.14737303890577214,0.46131124470392715
HC,ODDBALL,sub-01,390,181,0.31412115494602993,17.85965009721762,1.1642621669106057e-08,0.4546404794106863,2.444950550512272e-07
HC,RESTING,sub-01,390,125,0.11248190704171382,1.5815224264675936,0.20593616969666073,0.21524305655480214,0.3760573533591196
HC,ODDBALL,sub-02,390,49,0.18926722025215498,1.7552819524369094,0.1732470768819701,0.49243604312548983,0.3464941537639402
HC,RESTING,sub-02,390,48,0.06515348829726522,0.20375889779049006,0.8172138092592424,0.33600912225446067,0.9276481078077886
HC,ODDBALL,sub-03,390,86,0.09723088946669531,0.8130307445176861,0.4447624840695085,-0.4334212308027706,0.6441387700317021
HC,RESTING,sub-03,390,101,0.06333670867664483,0.4051654052650078,0.6679347272653209,-0.09716569732287167,0.8250958395630434
HC,ODDBALL,sub-04,390,85,0.2856696840756557,6.9366093139902185,0.0008744801134416165,0.4408457366127302,0.004591020595568486
HC,RESTING,sub-04,390,87,0.033854554600995464,0.09971338544916514,0.9055891351885555,0.2179073921167033,0.9508685919479832
HC,ODDBALL,sub-05,390,140,0.25873212579507776,9.371923808581592,7.485791999816035e-05,0.34969305654294336,0.0006288065279845469
HC,RESTING,sub-05,390,118,0.044030366820326225,0.22876343787523318,0.7961997270103452,-0.4972347826706872,0.9276481078077886
HC,ODDBALL,sub-06,390,135,0.11137031347493352,1.6744518076731696,0.18760164054234685,-0.42590792249396014,0.3581485864899349
HC,RESTING,sub-06,390,158,0.08173984786363711,1.0556616311457454,0.3485131027280226,0.01482279636229078,0.5629827044068058
HC,ODDBALL,sub-07,390,130,0.26285607938193,8.982131400845132,0.00011084249147331149,-0.3122547698510307,0.0007758974403131803
HC,RESTING,sub-07,390,159,0.06130481650506696,0.5975666037484689,0.5508750001933138,0.43597976150845574,0.7712250002706393
HC,ODDBALL,sub-08,390,190,0.12480698394070384,2.95958881567127,0.05164554090930358,0.4788119526818452,0.16685482447621158
HC,RESTING,sub-08,390,225,0.015358840967254164,0.053076149067916085,0.9484166193501979,-0.36199108275901626,0.9715487320172759
HC,ODDBALL,sub-09,390,86,0.17955010162536905,2.7724885534565105,0.062113000026557244,-0.4078859862244737,0.1739164000743603
HC,RESTING,sub-09,390,82,0.17014153939374377,2.3737477610363746,0.09287702071414689,0.17060182565452642,0.22946087470553936
HC,ODDBALL,sub-10,390,182,0.3852832469761217,27.016658832884303,7.89591249585558e-13,0.39764084963763624,3.3162832482593433e-11
HC,RESTING,sub-10,390,181,0.004869853920435172,0.004292501374354385,0.9957284692335803,0.34459722198344156,0.9957284692335803
HC,ODDBALL,sub-11,390,172,0.18267046067897902,5.739381519203311,0.0031162642792960256,0.38658880434237985,0.014542566636714787
HC,RESTING,sub-11,390,175,0.10448686131458863,1.910563232790464,0.14803356751512128,-0.2914101566819517,0.3108704917817547
HC,ODDBALL,sub-12,390,133,0.15715846664924862,3.284938224059218,0.0371436139808545,0.48490172578191815,0.14182107156326265
HC,RESTING,sub-12,390,72,0.07637465074114241,0.4199822838598669,0.658575841762404,-0.0856638203866158,0.8250958395630434
HC,ODDBALL,sub-13,390,107,0.15514475677183553,2.575478824255745,0.07585173291171853,-0.2887871342256446,0.19911079889326114
HC,RESTING,sub-13,390,115,0.05621629684105698,0.3634312835100108,0.6961864622144364,-0.3069257564482636,0.8354237546573237
HC,ODDBALL,sub-14,390,87,0.186094390992464,3.0129076452204777,0.04871279611777584,-0.4535133926863634,0.16685482447621158
HC,RESTING,sub-14,390,65,0.044280733248168315,0.1274509169047035,0.8811439254311664,-0.07001919343693108,0.94892422738741
HC,ODDBALL,sub-15,390,96,0.04239923092408748,0.17257869916359325,0.8421829794516915,-0.44953802813902105,0.9308338193939749
HC,RESTING,sub-15,390,131,0.08515601181141118,0.9499525715389011,0.3874986206720544,-0.05408651835742545,0.6027756321565291
HC,ODDBALL,sub-16,390,141,0.1573943407526948,3.4929899686375316,0.030126650541429264,-0.448176733647191,0.1265319322740029
HC,RESTING,sub-16,390,152,0.05925881730511461,0.5337643291169445,0.5871494751739574,-0.2870998138056067,0.7954928373324585
HC,ODDBALL,sub-17,390,152,0.2511584278610767,9.588244494618447,6.054490945262258e-05,0.4143148305366203,0.0006288065279845469
HC,RESTING,sub-17,390,165,0.13097849075747403,2.8306352317824426,0.058764106278959,-0.4005740999438675,0.1739164000743603
HC,ODDBALL,sub-18,390,156,0.28204745611225795,12.409919729905788,3.285024612143556e-06,0.45189834973523235,4.599034457000978e-05
HC,RESTING,sub-18,390,189,0.0827340016842999,1.2936889415578725,0.27459002660948045,-0.33791952055949487,0.46131124470392715
HC,ODDBALL,sub-19,390,117,0.13521398283304115,2.1390900749681516,0.1176869996134301,-0.4949469667762975,0.27460299909800356
HC,RESTING,sub-19,390,130,0.056267940415618625,0.41159054542002904,0.6634295902060386,-0.48163566493238796,0.8250958395630434
HC,ODDBALL,sub-20,390,56,0.12104614110503151,0.8205214234794751,0.4421191892587151,0.36655892084993424,0.6441387700317021
HC,RESTING,sub-20,390,47,0.2048485943109413,1.9722584897849247,0.1391869534483025,-0.18795842640953359,0.3076764234120371
eMCS,ODDBALL,sub-21,390,65,0.10794862788532288,0.7574389070510541,0.4705735202394814,0.29305916091731055,0.7394726746620421
eMCS,RESTING,sub-21,390,68,0.1537753239105218,1.6079858165774408,0.2007618522395924,-0.3748717235628264,0.4907511943634481
pDoC,ODDBALL,sub-22,390,103,0.18284233344005996,3.443425846474025,0.03156580736750061,-0.012316650974329435,0.5050529178800097
pDoC,RESTING,sub-22,390,107,0.058014897946083346,0.3601329370553078,0.6985472110480319,-0.12176613761488314,0.8774805287491955
eMCS,ODDBALL,sub-23,390,109,0.08339202509719837,0.7580110536294822,0.46961311342477546,-0.1558503930715976,0.7394726746620421
eMCS,RESTING,sub-23,390,103,0.11048270661497604,1.2572621314799997,0.28508102284118914,0.47017526532949483,0.5959050090764186
pDoC,ODDBALL,sub-24,390,81,0.17141931463860688,2.380151095924746,0.09227595630669487,-0.2386400727651526,0.738207650453559
pDoC,RESTING,sub-24,390,79,0.06457274975709702,0.32940156088422123,0.7206083358898471,0.0006496637826265417,0.8774805287491955
eMCS,ODDBALL,sub-25,390,118,0.2110290837245811,5.254926352961078,0.0050316631849906535,0.42448123239191515,0.05534829503489719
eMCS,RESTING,sub-25,390,92,0.07073050678690876,0.46025802231063107,0.6323387323859991,0.4038756052826338,0.8694657570307488
pDoC,ODDBALL,sub-26,390,77,0.10135234220938708,0.7909668898923103,0.4548218011280236,-0.05281064923458423,0.8774805287491955
pDoC,RESTING,sub-26,390,66,0.06742842026148017,0.30007506269128015,0.7421955248832408,0.30923300037186585,0.8774805287491955
eMCS,ODDBALL,sub-27,390,130,0.01182096341623997,0.018165572891450887,0.9820663340062338,0.36198728843229,0.9954793149411195
eMCS,RESTING,sub-27,390,206,0.011320287505245987,0.026398675295494254,0.9740082618292345,0.03987213638138942,0.9954793149411195
eMCS,ODDBALL,sub-28,390,190,0.2514724464002912,12.015294346723993,5.136228372248232e-06,-0.3312512234904008,0.0001129970241894611
eMCS,RESTING,sub-28,390,147,0.04979808905567308,0.3645379020187218,0.6952222886462662,0.030285722268713622,0.8827932789829702
pDoC,ODDBALL,sub-29,390,145,0.06783889998518233,0.6673068709239379,0.5138771134053204,-0.3433424561485512,0.8774805287491955
pDoC,RESTING,sub-29,390,139,0.053847506040715525,0.4030379930458804,0.669061174633332,-0.08062855589822315,0.8774805287491955
eMCS,ODDBALL,sub-30,390,65,0.008381194954566455,0.004565887876319263,0.9954793149411195,-0.380978952957501,0.9954793149411195
eMCS,RESTING,sub-30,390,62,0.19912768046454343,2.4584136538857373,0.08517696649916312,-0.41193502369744595,0.4907511943634481
eMCS,ODDBALL,sub-31,390,126,0.13494743893541697,2.2945622206787393,0.10066969460205856,-0.28860748872355263,0.4907511943634481
eMCS,RESTING,sub-31,390,148,0.046951490837685725,0.3262574887984304,0.7222854100769757,0.4916037893231894,0.8827932789829702
pDoC,ODDBALL,sub-32,390,122,0.05399466238446411,0.3556816750534962,0.7015361959681587,0.09797062102447895,0.8774805287491955
pDoC,RESTING,sub-32,390,110,0.027106280869652603,0.08082255088429442,0.9226822105468625,0.14312425511224514,0.977665539253251
eMCS,ODDBALL,sub-33,390,67,0.01780536235587603,0.021241072217811168,0.9791361248493575,-0.4462153174654992,0.9954793149411195
eMCS,RESTING,sub-33,390,105,0.07773747807831898,0.634527127287598,0.531283208172945,0.43693591491121775,0.7792153719869861
eMCS,ODDBALL,sub-34,390,57,0.11945506340707761,0.8133621938945691,0.4452563418203462,0.43682325133235456,0.7394726746620421
eMCS,RESTING,sub-34,390,129,0.1267328335062746,2.071896230420256,0.1259105511974149,0.3643237265651541,0.4907511943634481
eMCS,ODDBALL,sub-35,390,85,0.11949145408127188,1.21364764586882,0.2979525045382093,-0.4576759671945723,0.5959050090764186
eMCS,RESTING,sub-35,390,112,0.12510636238836484,1.752979413925473,0.17342631130787148,0.3434926737704861,0.4907511943634481
pDoC,ODDBALL,sub-36,390,86,0.07401077867566057,0.4710732009752748,0.6256421184686739,0.449095002719074,0.8774805287491955
pDoC,RESTING,sub-36,390,93,0.05342762896780115,0.26546957295225526,0.767795462655546,-0.05905818248256667,0.8774805287491955
pDoC,ODDBALL,sub-37,390,116,0.013984040069048064,0.022684191691718043,0.977665539253251,0.39211536651377155,0.977665539253251
pDoC,RESTING,sub-37,390,83,0.07971879170862908,0.5274721173731545,0.5914793568098861,0.1256308154606186,0.8774805287491955
eMCS,ODDBALL,sub-38,390,108,0.12442831118030741,1.6720996993038086,0.18809309419680426,0.00541362085968633,0.4907511943634481
eMCS,RESTING,sub-38,390,150,0.10943329550195195,1.7963469246626307,0.16600591848688742,0.38793423266900406,0.4907511943634481
pDoC,ODDBALL,sub-39,390,87,0.07267584802469755,0.4595147630914773,0.6328776354527941,-0.21135314231794505,0.8774805287491955
pDoC,RESTING,sub-39,390,118,0.09212228361846163,1.0014087864114736,0.3681436114595297,0.07471009627621783,0.8774805287491955
