,Channel,Onset,Peak,Offset,Onset_index,Offset_index,Peak_index,Amplitude
0,EOG VEOG,2.453125,2.7109375,2.9453125,314,377,347,0.00026134038036792844
1,EOG VEOG,3.6328125,3.875,4.1171875,465,527,496,0.00029981176285790443
2,EOG VEOG,5.0625,5.3125,5.5625,648,712,680,0.0003659748562286612
3,EOG VEOG,7.3359375,7.8359375,8.09375,939,1036,1003,0.00024092138401080103
4,EOG VEOG,8.859375,9.296875,9.5390625,1134,1221,1190,0.00024922254388961684
5,EOG VEOG,20.0625,20.5390625,20.8046875,2568,2663,2629,0.0002393577024916159
6,EOG VEOG,20.8046875,21.265625,21.5390625,2663,2757,2722,0.00024875621310778824
7,EOG VEOG,68.109375,68.3671875,68.625,8718,8784,8751,0.0002556570595880467
8,EOG VEOG,70.765625,71.0078125,71.265625,9058,9122,9089,0.0002478117137706279
9,EOG VEOG,72.3828125,72.6328125,72.8828125,9265,9329,9297,0.0002521471519965742
10,EOG VEOG,73.734375,73.9765625,74.21875,9438,9500,9469,0.00024939115082907195
11,EOG VEOG,75.3359375,75.578125,75.8359375,9643,9707,9674,0.00025907540209017766
12,EOG VEOG,77.1484375,77.40625,77.65625,9875,9940,9908,0.00024312083405772685
13,EOG VEOG,79.765625,80.0078125,80.2578125,10210,10273,10241,0.0002506642153733954
14,EOG VEOG,81.90625,82.140625,82.390625,10484,10546,10514,0.0002533620151801947
15,EOG VEOG,83.4140625,83.65625,83.9296875,10677,10743,10708,0.0002488583245259964
16,EOG VEOG,85.0546875,85.4375,85.7734375,10887,10979,10936,0.00032423318082113297
17,EOG VEOG,86.921875,87.1796875,87.453125,11126,11194,11159,0.00041256809975879393
18,EOG VEOG,88.375,88.6171875,88.859375,11312,11374,11343,0.0003554828192018759
19,EOG VEOG,90.4921875,90.75,91.015625,11583,11650,11616,0.0003235265111436331
20,EOG VEOG,91.546875,91.796875,92.0703125,11718,11785,11750,0.00027031784900368144
21,EOG VEOG,92.84375,93.0859375,93.3359375,11884,11947,11915,0.0002949862683384564
22,EOG VEOG,94.25,94.484375,94.734375,12064,12126,12094,0.0003417945789166358
23,EOG VEOG,95.671875,95.921875,96.171875,12246,12310,12278,0.00043119853127119705
24,EOG VEOG,97.0546875,97.296875,97.5546875,12423,12487,12454,0.0005643208628290953
25,EOG VEOG,98.6328125,98.8828125,99.1953125,12625,12697,12657,0.0005994853325911523
26,EOG VEOG,100.59375,100.8359375,101.125,12876,12944,12907,0.0006124182947352507
27,EOG VEOG,101.7890625,102.03125,102.296875,13029,13094,13060,0.0006125871203022086
28,EOG VEOG,103.3046875,103.546875,103.84375,13223,13292,13254,0.0006615744020306622
29,EOG VEOG,104.5625,104.796875,105.0546875,13384,13447,13414,0.0006175885594506975
30,EOG VEOG,106.4609375,106.703125,106.9609375,13627,13691,13658,0.0004896220650066224
31,EOG VEOG,108.65625,108.90625,109.15625,13908,13972,13940,0.0003739424895038239
32,EOG VEOG,113.1015625,113.3515625,113.6015625,14477,14541,14509,0.0003366259899038578
33,EOG VEOG,115.3671875,115.609375,115.859375,14767,14830,14798,0.0003297830263936421
34,EOG VEOG,117.6484375,117.8984375,118.1484375,15059,15123,15091,0.0002630367565275597
35,EOG VEOG,120.1640625,120.4140625,120.65625,15381,15444,15413,0.00024423993884953484
36,EOG VEOG,122.328125,122.5703125,122.8359375,15658,15723,15689,0.0002423542616079519
37,EOG VEOG,123.28125,123.5390625,123.7890625,15780,15845,15813,0.0002882053453351252
38,EOG VEOG,132.5625,132.8125,133.0625,16968,17032,17000,0.0002535909734994774
39,EOG VEOG,137.0546875,137.296875,137.546875,17543,17606,17574,0.00030531394626040487
40,EOG VEOG,145.609375,145.8515625,146.1015625,18638,18701,18669,0.00024229236948096898
41,EOG VEOG,151.875,152.2421875,152.4921875,19440,19519,19487,0.0002454983776774962
42,EOG VEOG,154.1796875,154.421875,154.671875,19735,19798,19766,0.0002809168736253955
43,EOG VEOG,155.8046875,156.0546875,156.3046875,19943,20007,19975,0.0003628176374750597
44,EOG VEOG,156.953125,157.1953125,157.4453125,20090,20153,20121,0.0004241245494474605
45,EOG VEOG,158.5859375,158.8359375,159.109375,20299,20366,20331,0.0005413517150626634
46,EOG VEOG,159.5859375,159.84375,160.1328125,20427,20497,20460,0.0006211372225633108
47,EOG VEOG,160.390625,160.65625,161.0390625,20530,20613,20564,0.0006119621134868443
48,EOG VEOG,161.0390625,161.5234375,162.015625,20613,20738,20675,0.0006590072889968537
49,EOG VEOG,162.078125,162.3515625,162.8046875,20746,20839,20781,0.0005954024411094075
50,EOG VEOG,165.6875,165.9375,166.4296875,21208,21303,21240,0.0003656232809196296
51,EOG VEOG,169.4921875,169.734375,170.03125,21695,21764,21726,0.0005220366391445496
52,EOG VEOG,170.5390625,170.78125,171.125,21829,21904,21860,0.00046208590912240354
53,EOG VEOG,171.125,171.40625,171.71875,21904,21980,21940,0.0005198094583339893
54,EOG VEOG,172.0546875,172.3046875,172.5703125,22023,22089,22055,0.0004872997056546435
55,EOG VEOG,173.4453125,173.6796875,173.9375,22201,22264,22231,0.0004269067281772094
56,EOG VEOG,175.5,175.734375,175.984375,22464,22526,22494,0.0003922783972025525
57,EOG VEOG,177.484375,177.7265625,177.9765625,22718,22781,22749,0.0003450794376624991
58,EOG VEOG,180.3359375,180.578125,180.828125,23083,23146,23114,0.00035287964809512293
59,EOG VEOG,182.6875,182.9296875,183.1796875,23384,23447,23415,0.0003228844225549471
60,EOG VEOG,187.4453125,187.6875,187.9375,23993,24056,24024,0.00024659106055363795
61,EOG VEOG,194.1875,194.4375,194.6875,24856,24920,24888,0.00024976448084804435
62,EOG VEOG,196.3046875,196.546875,196.796875,25127,25190,25158,0.00025358677694609186
63,EOG VEOG,197.3984375,197.6484375,197.8984375,25267,25331,25299,0.0002888693408575743
64,EOG VEOG,200.5390625,200.78125,201.03125,25669,25732,25700,0.0002998453434771802
65,EOG VEOG,205.1171875,205.3671875,205.6171875,26255,26319,26287,0.0002602488754586727
66,EOG VEOG,207.3984375,207.6484375,207.8984375,26547,26611,26579,0.0002484399971458062
67,EOG VEOG,210.0625,210.3203125,210.5625,26888,26952,26921,0.0002750401978821434
68,EOG VEOG,211.796875,212.0390625,212.296875,27110,27174,27141,0.00026932883302760083
69,EOG VEOG,214.3203125,214.5703125,214.828125,27433,27498,27465,0.00024059261845377713
70,EOG VEOG,216.0390625,216.28125,216.53125,27653,27716,27684,0.0002925537163430535
71,EOG VEOG,218.25,218.484375,218.734375,27936,27998,27966,0.0002509181932246696
72,EOG VEOG,219.640625,219.890625,220.1484375,28114,28179,28146,0.0002511010992668764
73,EOG VEOG,220.8515625,221.0859375,221.3359375,28269,28331,28299,0.00026723321538670236
74,EOG VEOG,223.65625,223.9140625,224.1640625,28628,28693,28661,0.0002755533508315756
75,EOG VEOG,224.9453125,225.1875,225.4375,28793,28856,28824,0.00029414448603914066
76,EOG VEOG,226.140625,226.390625,226.640625,28946,29010,28978,0.0003832651270293238
77,EOG VEOG,227.3984375,227.640625,227.8984375,29107,29171,29138,0.0003086991868402934
78,EOG VEOG,228.4296875,228.6796875,228.9453125,29239,29305,29271,0.00046530566053035253
79,EOG VEOG,229.2890625,229.5546875,229.9453125,29349,29433,29383,0.0005421972523083718
80,EOG VEOG,229.9453125,230.21875,230.65625,29433,29524,29468,0.0004813642816081545
81,EOG VEOG,234.78125,235.0234375,235.265625,30052,30114,30083,0.00027209205116316906
82,EOG VEOG,237.2265625,237.4765625,237.7265625,30365,30429,30397,0.0002446116736519061
83,EOG VEOG,237.7265625,238.203125,238.4609375,30429,30523,30490,0.00043710482820689814
84,EOG VEOG,239.8515625,240.09375,240.3515625,30701,30765,30732,0.00029238420765431646
85,EOG VEOG,242.0625,242.3046875,242.5625,30984,31048,31015,0.0003970732962556679
86,EOG VEOG,243.7734375,244.015625,244.2578125,31203,31265,31234,0.000346461770350502
87,EOG VEOG,244.90625,245.1484375,245.3984375,31348,31411,31379,0.0003071458811383284
88,EOG VEOG,247.234375,247.46875,247.71875,31646,31708,31676,0.0002697939069893827
89,EOG VEOG,248.9296875,249.171875,249.421875,31863,31926,31894,0.00029396115384481024
90,EOG VEOG,252.0703125,252.3046875,252.5546875,32265,32327,32295,0.0002587404377677433
91,EOG VEOG,255.78125,256.0234375,256.28125,32740,32804,32771,0.00028430851880230574
92,EOG VEOG,269.3203125,269.5625,269.8125,34473,34536,34504,0.00031381931493302504
93,EOG VEOG,271.453125,271.6953125,271.953125,34746,34810,34777,0.00030789254157877454
94,EOG VEOG,272.984375,273.234375,273.484375,34942,35006,34974,0.0002419471920195874
95,EOG VEOG,275.0234375,275.2734375,275.5234375,35203,35267,35235,0.00025427585687263766
96,EOG VEOG,277.3203125,277.5703125,277.8203125,35497,35561,35529,0.00026653219795944093
97,EOG VEOG,284.4765625,284.71875,284.96875,36413,36476,36444,0.00029387029075120084
98,EOG VEOG,294.0546875,294.3046875,294.5546875,37639,37703,37671,0.00024669400991521654
99,EOG VEOG,298.34375,298.59375,298.84375,38188,38252,38220,0.0003605453556368796
100,EOG VEOG,302.1875,302.4375,302.6796875,38680,38743,38712,0.0002476014218604773
101,EOG VEOG,318.53125,318.8828125,319.1328125,40772,40849,40817,0.0002517389152670757
102,EOG VEOG,324.875,325.1875,325.4375,41584,41656,41624,0.0002838040066968484
103,EOG VEOG,326.8828125,327.140625,327.390625,41841,41906,41874,0.00025337365985634143
104,EOG VEOG,328.4453125,328.6953125,328.9609375,42041,42107,42073,0.0003215253150112503
105,EOG VEOG,329.4296875,329.671875,329.9140625,42167,42229,42198,0.0003616276248571247
106,EOG VEOG,330.9453125,331.1953125,331.4453125,42361,42425,42393,0.00044090624966615355
107,EOG VEOG,332.1328125,332.390625,332.6640625,42513,42581,42546,0.0004937925505287297
108,EOG VEOG,332.9296875,333.1953125,333.4921875,42615,42687,42649,0.0006145943476945975
109,EOG VEOG,333.8359375,334.09375,334.5,42731,42816,42764,0.0005513786774684532
110,EOG VEOG,334.5,334.9140625,335.3203125,42816,42921,42869,0.0005763903602150975
111,EOG VEOG,335.3359375,335.8359375,336.2109375,42923,43035,42987,0.000296832735025368
112,EOG VEOG,338.765625,338.984375,339.4140625,43362,43445,43390,0.0003955065966383162
113,EOG VEOG,342.4609375,342.6953125,343.109375,43835,43918,43865,0.00029303824510924217
114,EOG VEOG,346.3203125,346.5703125,346.84375,44329,44396,44361,0.00045134233239049596
115,EOG VEOG,347.0703125,347.34375,347.609375,44425,44494,44460,0.00044487904544410163
116,EOG VEOG,347.609375,348.0625,348.34375,44494,44588,44552,0.00034717493754476427
117,EOG VEOG,348.34375,348.625,348.8671875,44588,44655,44624,0.0003126978365403409
118,EOG VEOG,350.6484375,350.8984375,351.1640625,44883,44949,44915,0.0003028201350269833
119,EOG VEOG,352.265625,352.5234375,352.7734375,45090,45155,45123,0.00024409263136842
120,EOG VEOG,354.484375,354.7265625,354.984375,45374,45438,45405,0.00028418253402874707
121,EOG VEOG,357.09375,357.34375,357.5859375,45708,45771,45740,0.00026615908322547737
122,EOG VEOG,359.4140625,359.6640625,359.921875,46005,46070,46037,0.0002803202414607828
123,EOG VEOG,361.4140625,361.65625,361.921875,46261,46326,46292,0.00026202317309676165
124,EOG VEOG,363.1171875,363.359375,363.609375,46479,46542,46510,0.00026855500616146925
125,EOG VEOG,371.1015625,371.3515625,371.609375,47501,47566,47533,0.0003194395265697684
126,EOG VEOG,373.0390625,373.2890625,373.5390625,47749,47813,47781,0.0002745451576221231
127,EOG VEOG,383.171875,383.421875,383.671875,49046,49110,49078,0.00026088648585131615
128,EOG VEOG,384.0078125,384.28125,384.53125,49153,49220,49188,0.00023962746801339438
129,EOG VEOG,394.5078125,394.765625,395.0234375,50497,50563,50530,0.00025701749687477874
130,EOG VEOG,395.3828125,395.640625,395.8984375,50609,50675,50642,0.0002893561373926136
131,EOG VEOG,398.1796875,398.4296875,398.6796875,50967,51031,50999,0.00031677633774970565
132,EOG VEOG,399.3203125,399.5625,399.8046875,51113,51175,51144,0.0002627180258082506
133,EOG VEOG,400.734375,400.9921875,401.234375,51294,51358,51327,0.00029125848964191124
134,EOG VEOG,402.2734375,402.53125,402.7734375,51491,51555,51524,0.00024122668191295342
