,,Median (IQR),Normality Test,Median (IQR),Normality Test,Median (IQR),Normality Test,Median (IQR),Normality Test,Kruskal-Wallis,Kruskal-Wallis,Kruskal-Wallis,Jonckheere-Terpstra,Jonckheere-Terpstra,Conover,Conover,Conover,Conover,Conover,Conover
,,HC,HC p,eMCS,eMCS p,MCS,MCS p,UWS,UWS p,H (df=3),p,eta2,J,p,HC vs. eMCS,HC vs. MCS,HC vs. UWS,eMCS vs. MCS,eMCS vs. UWS,MCS vs. UWS
EBR (blink/min),Oddball,"20.0 (13.8, 23.0)",0.4903,"15.7 (9.5, 18.9)",0.1767,"14.7 (13.2, 15.3)",0.5501,"17.5 (11.5, 19.3)",0.0909,4.4297,0.219,0.1136,180.5,0.071,,,,,,
EBR (blink/min),Resting,"19.0 (13.3, 25.0)",0.3153,"15.7 (12.8, 20.5)",0.4921,"15.5 (13.5, 17.6)",0.9669,"16.5 (13.7, 18.6)",0.9968,1.433,0.698,0.0367,206.5,0.254,,,,,,
LIBIV,Oddball,"0.8 (0.7, 0.9)",0.0523,"0.8 (0.7, 1.1)*",0.0455,"0.9 (0.9, 0.9)",0.6729,"0.9 (0.8, 1.0)",0.7344,3.0487,0.384,0.0782,316.0,0.020*,,,,,,
LIBIV,Resting,"0.8 (0.7, 1.0)",0.5326,"0.9 (0.7, 1.1)",0.5787,"0.9 (0.8, 0.9)",0.7911,"0.9 (0.8, 1.0)",0.5534,0.5057,0.918,0.013,275.0,0.402,,,,,,
Mean Amplitude (µV),Oddball,"444.7 (226.4, 575.6)",0.6799,"187.1 (156.1, 401.2)",0.3147,"155.8 (154.9, 285.8)*",0.0118,"183.0 (174.3, 192.3)*",0.0085,6.9485,0.074,0.1782,153.0,0.000***,,,,,,
Mean Amplitude (µV),Resting,"458.6 (289.7, 556.4)",0.7732,"325.3 (174.2, 358.5)",0.1616,"157.8 (154.9, 382.3)*",0.0213,"275.9 (243.0, 302.6)*",0.031,6.7333,0.081,0.1726,158.0,0.001***,,,,,,
Mean Duration (ms),Oddball,"530.1 (513.4, 561.1)*",0.0036,"558.8 (533.3, 652.7)",0.3274,"527.2 (520.0, 571.8)",0.2435,"596.0 (570.2, 601.3)",0.955,5.0977,0.165,0.1307,322.0,0.011*,,,,,,
Mean Duration (ms),Resting,"527.6 (504.4, 544.8)*",0.0002,"571.5 (530.0, 605.0)",0.2635,"577.5 (550.7, 601.1)",0.9286,"559.7 (543.5, 591.3)",0.7978,6.4845,0.090,0.1663,345.0,0.001***,,,,,,
Mean Rise Time (ms),Oddball,"256.0 (244.9, 267.8)*",0.0002,"276.8 (258.4, 301.9)",0.3976,"253.7 (248.7, 267.3)",0.4974,"305.4 (289.8, 307.7)",0.8139,8.6618,0.034*,0.2221,349.0,0.000***,0.022* (0.109),0.977 (0.977),0.015* (0.089),0.187 (0.562),0.486 (0.972),0.094 (0.377)
Mean Rise Time (ms),Resting,"248.6 (244.4, 254.6)*",0.0,"269.8 (258.3, 295.3)",0.0638,"254.0 (252.6, 266.5)",0.1695,"289.1 (263.1, 316.1)",0.2451,16.1476,0.001**,0.414,397.0,0.000***,0.000*** (0.001***),0.216 (0.648),0.001*** (0.003**),0.233 (0.648),0.576 (0.648),0.142 (0.570)
Mean Fall Time (ms),Oddball,"277.7 (264.8, 305.1)*",0.0218,"289.9 (267.2, 336.6)",0.2938,"283.5 (271.4, 309.5)",0.604,"299.4 (264.8, 311.5)",0.661,0.6698,0.880,0.0172,267.0,0.581,,,,,,
Mean Fall Time (ms),Resting,"273.5 (260.0, 296.2)",0.0733,"311.7 (263.8, 318.3)",0.5292,"326.3 (298.1, 335.9)",0.4733,"275.2 (261.3, 283.2)",0.4846,3.8021,0.284,0.0975,298.0,0.096,,,,,,
