onset,duration,description,orig_time
2.692,0.0,500Hz,2000-01-01 00:00:00+00:00
3.708,0.0,500Hz,2000-01-01 00:00:00+00:00
4.724,0.0,500Hz,2000-01-01 00:00:00+00:00
5.738,0.0,500Hz,2000-01-01 00:00:00+00:00
6.754,0.0,500Hz,2000-01-01 00:00:00+00:00
7.781,0.0,1KHz,2000-01-01 00:00:00+00:00
8.797,0.0,500Hz,2000-01-01 00:00:00+00:00
9.8,0.0,500Hz,2000-01-01 00:00:00+00:00
10.815,0.0,500Hz,2000-01-01 00:00:00+00:00
11.831,0.0,500Hz,2000-01-01 00:00:00+00:00
12.847,0.0,500Hz,2000-01-01 00:00:00+00:00
13.874,0.0,1KHz,2000-01-01 00:00:00+00:00
14.889,0.0,500Hz,2000-01-01 00:00:00+00:00
15.893,0.0,500Hz,2000-01-01 00:00:00+00:00
16.908,0.0,500Hz,2000-01-01 00:00:00+00:00
17.923,0.0,500Hz,2000-01-01 00:00:00+00:00
18.938,0.0,500Hz,2000-01-01 00:00:00+00:00
19.954,0.0,500Hz,2000-01-01 00:00:00+00:00
20.97,0.0,500Hz,2000-01-01 00:00:00+00:00
21.984,0.0,500Hz,2000-01-01 00:00:00+00:00
23.0,0.0,500Hz,2000-01-01 00:00:00+00:00
24.027,0.0,1KHz,2000-01-01 00:00:00+00:00
25.043,0.0,500Hz,2000-01-01 00:00:00+00:00
26.046,0.0,500Hz,2000-01-01 00:00:00+00:00
27.062,0.0,500Hz,2000-01-01 00:00:00+00:00
28.089,0.0,1KHz,2000-01-01 00:00:00+00:00
29.104,0.0,500Hz,2000-01-01 00:00:00+00:00
30.107,0.0,500Hz,2000-01-01 00:00:00+00:00
31.123,0.0,500Hz,2000-01-01 00:00:00+00:00
32.139,0.0,500Hz,2000-01-01 00:00:00+00:00
33.154,0.0,500Hz,2000-01-01 00:00:00+00:00
34.181,0.0,1KHz,2000-01-01 00:00:00+00:00
35.196,0.0,500Hz,2000-01-01 00:00:00+00:00
36.2,0.0,500Hz,2000-01-01 00:00:00+00:00
37.215,0.0,500Hz,2000-01-01 00:00:00+00:00
38.23,0.0,500Hz,2000-01-01 00:00:00+00:00
39.246,0.0,500Hz,2000-01-01 00:00:00+00:00
40.262,0.0,500Hz,2000-01-01 00:00:00+00:00
41.276,0.0,500Hz,2000-01-01 00:00:00+00:00
42.304,0.0,1KHz,2000-01-01 00:00:00+00:00
43.319,0.0,500Hz,2000-01-01 00:00:00+00:00
44.323,0.0,500Hz,2000-01-01 00:00:00+00:00
45.338,0.0,500Hz,2000-01-01 00:00:00+00:00
46.365,0.0,1KHz,2000-01-01 00:00:00+00:00
47.381,0.0,500Hz,2000-01-01 00:00:00+00:00
48.385,0.0,500Hz,2000-01-01 00:00:00+00:00
49.412,0.0,1KHz,2000-01-01 00:00:00+00:00
50.427,0.0,500Hz,2000-01-01 00:00:00+00:00
51.431,0.0,500Hz,2000-01-01 00:00:00+00:00
52.446,0.0,500Hz,2000-01-01 00:00:00+00:00
53.461,0.0,500Hz,2000-01-01 00:00:00+00:00
54.477,0.0,500Hz,2000-01-01 00:00:00+00:00
55.504,0.0,1KHz,2000-01-01 00:00:00+00:00
56.52,0.0,500Hz,2000-01-01 00:00:00+00:00
57.522,0.0,500Hz,2000-01-01 00:00:00+00:00
58.538,0.0,500Hz,2000-01-01 00:00:00+00:00
59.554,0.0,500Hz,2000-01-01 00:00:00+00:00
60.569,0.0,500Hz,2000-01-01 00:00:00+00:00
61.584,0.0,500Hz,2000-01-01 00:00:00+00:00
62.6,0.0,500Hz,2000-01-01 00:00:00+00:00
63.615,0.0,500Hz,2000-01-01 00:00:00+00:00
64.631,0.0,500Hz,2000-01-01 00:00:00+00:00
65.646,0.0,500Hz,2000-01-01 00:00:00+00:00
66.673,0.0,1KHz,2000-01-01 00:00:00+00:00
67.688,0.0,500Hz,2000-01-01 00:00:00+00:00
68.692,0.0,500Hz,2000-01-01 00:00:00+00:00
69.707,0.0,500Hz,2000-01-01 00:00:00+00:00
70.723,0.0,500Hz,2000-01-01 00:00:00+00:00
71.738,0.0,500Hz,2000-01-01 00:00:00+00:00
72.766,0.0,1KHz,2000-01-01 00:00:00+00:00
73.78,0.0,500Hz,2000-01-01 00:00:00+00:00
74.784,0.0,500Hz,2000-01-01 00:00:00+00:00
75.8,0.0,500Hz,2000-01-01 00:00:00+00:00
76.814,0.0,500Hz,2000-01-01 00:00:00+00:00
77.83,0.0,500Hz,2000-01-01 00:00:00+00:00
78.846,0.0,500Hz,2000-01-01 00:00:00+00:00
79.861,0.0,500Hz,2000-01-01 00:00:00+00:00
80.876,0.0,500Hz,2000-01-01 00:00:00+00:00
81.892,0.0,500Hz,2000-01-01 00:00:00+00:00
82.907,0.0,500Hz,2000-01-01 00:00:00+00:00
83.923,0.0,500Hz,2000-01-01 00:00:00+00:00
84.95,0.0,1KHz,2000-01-01 00:00:00+00:00
85.965,0.0,500Hz,2000-01-01 00:00:00+00:00
86.969,0.0,500Hz,2000-01-01 00:00:00+00:00
87.984,0.0,500Hz,2000-01-01 00:00:00+00:00
88.999,0.0,500Hz,2000-01-01 00:00:00+00:00
90.015,0.0,500Hz,2000-01-01 00:00:00+00:00
91.03,0.0,500Hz,2000-01-01 00:00:00+00:00
92.046,0.0,500Hz,2000-01-01 00:00:00+00:00
93.061,0.0,500Hz,2000-01-01 00:00:00+00:00
94.076,0.0,500Hz,2000-01-01 00:00:00+00:00
95.104,0.0,1KHz,2000-01-01 00:00:00+00:00
96.119,0.0,500Hz,2000-01-01 00:00:00+00:00
97.122,0.0,500Hz,2000-01-01 00:00:00+00:00
98.149,0.0,1KHz,2000-01-01 00:00:00+00:00
99.165,0.0,500Hz,2000-01-01 00:00:00+00:00
100.181,0.0,1KHz,2000-01-01 00:00:00+00:00
101.195,0.0,500Hz,2000-01-01 00:00:00+00:00
102.199,0.0,500Hz,2000-01-01 00:00:00+00:00
103.215,0.0,500Hz,2000-01-01 00:00:00+00:00
104.229,0.0,500Hz,2000-01-01 00:00:00+00:00
105.257,0.0,1KHz,2000-01-01 00:00:00+00:00
106.272,0.0,500Hz,2000-01-01 00:00:00+00:00
107.276,0.0,500Hz,2000-01-01 00:00:00+00:00
108.291,0.0,500Hz,2000-01-01 00:00:00+00:00
109.318,0.0,1KHz,2000-01-01 00:00:00+00:00
110.334,0.0,500Hz,2000-01-01 00:00:00+00:00
111.338,0.0,500Hz,2000-01-01 00:00:00+00:00
112.353,0.0,500Hz,2000-01-01 00:00:00+00:00
113.368,0.0,500Hz,2000-01-01 00:00:00+00:00
114.384,0.0,500Hz,2000-01-01 00:00:00+00:00
115.411,0.0,1KHz,2000-01-01 00:00:00+00:00
116.427,0.0,500Hz,2000-01-01 00:00:00+00:00
117.43,0.0,500Hz,2000-01-01 00:00:00+00:00
118.457,0.0,1KHz,2000-01-01 00:00:00+00:00
119.473,0.0,500Hz,2000-01-01 00:00:00+00:00
120.476,0.0,500Hz,2000-01-01 00:00:00+00:00
121.503,0.0,1KHz,2000-01-01 00:00:00+00:00
122.519,0.0,500Hz,2000-01-01 00:00:00+00:00
123.534,0.0,1KHz,2000-01-01 00:00:00+00:00
124.55,0.0,500Hz,2000-01-01 00:00:00+00:00
125.553,0.0,500Hz,2000-01-01 00:00:00+00:00
126.58,0.0,1KHz,2000-01-01 00:00:00+00:00
127.596,0.0,500Hz,2000-01-01 00:00:00+00:00
128.599,0.0,500Hz,2000-01-01 00:00:00+00:00
129.614,0.0,500Hz,2000-01-01 00:00:00+00:00
130.63,0.0,500Hz,2000-01-01 00:00:00+00:00
131.657,0.0,1KHz,2000-01-01 00:00:00+00:00
132.672,0.0,500Hz,2000-01-01 00:00:00+00:00
133.676,0.0,500Hz,2000-01-01 00:00:00+00:00
134.691,0.0,500Hz,2000-01-01 00:00:00+00:00
135.706,0.0,500Hz,2000-01-01 00:00:00+00:00
136.733,0.0,1KHz,2000-01-01 00:00:00+00:00
137.749,0.0,500Hz,2000-01-01 00:00:00+00:00
138.765,0.0,1KHz,2000-01-01 00:00:00+00:00
139.78,0.0,500Hz,2000-01-01 00:00:00+00:00
140.783,0.0,500Hz,2000-01-01 00:00:00+00:00
141.811,0.0,1KHz,2000-01-01 00:00:00+00:00
142.826,0.0,500Hz,2000-01-01 00:00:00+00:00
143.829,0.0,500Hz,2000-01-01 00:00:00+00:00
144.845,0.0,500Hz,2000-01-01 00:00:00+00:00
145.872,0.0,1KHz,2000-01-01 00:00:00+00:00
146.888,0.0,500Hz,2000-01-01 00:00:00+00:00
147.891,0.0,500Hz,2000-01-01 00:00:00+00:00
148.906,0.0,500Hz,2000-01-01 00:00:00+00:00
149.922,0.0,500Hz,2000-01-01 00:00:00+00:00
150.938,0.0,500Hz,2000-01-01 00:00:00+00:00
151.965,0.0,1KHz,2000-01-01 00:00:00+00:00
152.979,0.0,500Hz,2000-01-01 00:00:00+00:00
153.995,0.0,1KHz,2000-01-01 00:00:00+00:00
155.011,0.0,500Hz,2000-01-01 00:00:00+00:00
156.014,0.0,500Hz,2000-01-01 00:00:00+00:00
157.041,0.0,1KHz,2000-01-01 00:00:00+00:00
158.057,0.0,500Hz,2000-01-01 00:00:00+00:00
159.061,0.0,500Hz,2000-01-01 00:00:00+00:00
160.075,0.0,500Hz,2000-01-01 00:00:00+00:00
161.103,0.0,1KHz,2000-01-01 00:00:00+00:00
162.118,0.0,500Hz,2000-01-01 00:00:00+00:00
163.122,0.0,500Hz,2000-01-01 00:00:00+00:00
164.137,0.0,500Hz,2000-01-01 00:00:00+00:00
165.152,0.0,500Hz,2000-01-01 00:00:00+00:00
166.18,0.0,1KHz,2000-01-01 00:00:00+00:00
167.195,0.0,500Hz,2000-01-01 00:00:00+00:00
168.198,0.0,500Hz,2000-01-01 00:00:00+00:00
169.214,0.0,500Hz,2000-01-01 00:00:00+00:00
170.229,0.0,500Hz,2000-01-01 00:00:00+00:00
171.257,0.0,1KHz,2000-01-01 00:00:00+00:00
172.271,0.0,500Hz,2000-01-01 00:00:00+00:00
173.275,0.0,500Hz,2000-01-01 00:00:00+00:00
174.303,0.0,1KHz,2000-01-01 00:00:00+00:00
175.318,0.0,500Hz,2000-01-01 00:00:00+00:00
176.321,0.0,500Hz,2000-01-01 00:00:00+00:00
177.337,0.0,500Hz,2000-01-01 00:00:00+00:00
178.353,0.0,500Hz,2000-01-01 00:00:00+00:00
179.367,0.0,500Hz,2000-01-01 00:00:00+00:00
180.383,0.0,500Hz,2000-01-01 00:00:00+00:00
181.398,0.0,500Hz,2000-01-01 00:00:00+00:00
182.414,0.0,500Hz,2000-01-01 00:00:00+00:00
183.429,0.0,500Hz,2000-01-01 00:00:00+00:00
184.456,0.0,1KHz,2000-01-01 00:00:00+00:00
185.472,0.0,500Hz,2000-01-01 00:00:00+00:00
186.476,0.0,500Hz,2000-01-01 00:00:00+00:00
187.49,0.0,500Hz,2000-01-01 00:00:00+00:00
188.506,0.0,500Hz,2000-01-01 00:00:00+00:00
189.521,0.0,500Hz,2000-01-01 00:00:00+00:00
190.549,0.0,1KHz,2000-01-01 00:00:00+00:00
191.564,0.0,500Hz,2000-01-01 00:00:00+00:00
192.567,0.0,500Hz,2000-01-01 00:00:00+00:00
193.583,0.0,500Hz,2000-01-01 00:00:00+00:00
194.599,0.0,500Hz,2000-01-01 00:00:00+00:00
195.626,0.0,1KHz,2000-01-01 00:00:00+00:00
196.641,0.0,500Hz,2000-01-01 00:00:00+00:00
197.645,0.0,500Hz,2000-01-01 00:00:00+00:00
198.66,0.0,500Hz,2000-01-01 00:00:00+00:00
199.675,0.0,500Hz,2000-01-01 00:00:00+00:00
200.702,0.0,1KHz,2000-01-01 00:00:00+00:00
201.718,0.0,500Hz,2000-01-01 00:00:00+00:00
202.722,0.0,500Hz,2000-01-01 00:00:00+00:00
203.736,0.0,500Hz,2000-01-01 00:00:00+00:00
204.764,0.0,1KHz,2000-01-01 00:00:00+00:00
205.779,0.0,500Hz,2000-01-01 00:00:00+00:00
206.783,0.0,500Hz,2000-01-01 00:00:00+00:00
207.798,0.0,500Hz,2000-01-01 00:00:00+00:00
208.813,0.0,500Hz,2000-01-01 00:00:00+00:00
209.829,0.0,500Hz,2000-01-01 00:00:00+00:00
210.844,0.0,500Hz,2000-01-01 00:00:00+00:00
211.859,0.0,500Hz,2000-01-01 00:00:00+00:00
212.875,0.0,500Hz,2000-01-01 00:00:00+00:00
213.902,0.0,1KHz,2000-01-01 00:00:00+00:00
214.918,0.0,500Hz,2000-01-01 00:00:00+00:00
215.921,0.0,500Hz,2000-01-01 00:00:00+00:00
216.937,0.0,500Hz,2000-01-01 00:00:00+00:00
217.952,0.0,500Hz,2000-01-01 00:00:00+00:00
218.967,0.0,500Hz,2000-01-01 00:00:00+00:00
219.982,0.0,500Hz,2000-01-01 00:00:00+00:00
220.998,0.0,500Hz,2000-01-01 00:00:00+00:00
222.014,0.0,500Hz,2000-01-01 00:00:00+00:00
223.028,0.0,500Hz,2000-01-01 00:00:00+00:00
224.044,0.0,500Hz,2000-01-01 00:00:00+00:00
225.06,0.0,500Hz,2000-01-01 00:00:00+00:00
226.075,0.0,500Hz,2000-01-01 00:00:00+00:00
227.09,0.0,500Hz,2000-01-01 00:00:00+00:00
228.105,0.0,500Hz,2000-01-01 00:00:00+00:00
229.121,0.0,500Hz,2000-01-01 00:00:00+00:00
230.137,0.0,500Hz,2000-01-01 00:00:00+00:00
231.163,0.0,1KHz,2000-01-01 00:00:00+00:00
232.179,0.0,500Hz,2000-01-01 00:00:00+00:00
233.183,0.0,500Hz,2000-01-01 00:00:00+00:00
234.198,0.0,500Hz,2000-01-01 00:00:00+00:00
235.213,0.0,500Hz,2000-01-01 00:00:00+00:00
236.24,0.0,1KHz,2000-01-01 00:00:00+00:00
237.256,0.0,500Hz,2000-01-01 00:00:00+00:00
238.26,0.0,500Hz,2000-01-01 00:00:00+00:00
239.274,0.0,500Hz,2000-01-01 00:00:00+00:00
240.29,0.0,500Hz,2000-01-01 00:00:00+00:00
241.306,0.0,500Hz,2000-01-01 00:00:00+00:00
242.321,0.0,500Hz,2000-01-01 00:00:00+00:00
243.336,0.0,500Hz,2000-01-01 00:00:00+00:00
244.352,0.0,500Hz,2000-01-01 00:00:00+00:00
245.367,0.0,500Hz,2000-01-01 00:00:00+00:00
246.395,0.0,1KHz,2000-01-01 00:00:00+00:00
247.409,0.0,500Hz,2000-01-01 00:00:00+00:00
248.413,0.0,500Hz,2000-01-01 00:00:00+00:00
249.429,0.0,500Hz,2000-01-01 00:00:00+00:00
250.443,0.0,500Hz,2000-01-01 00:00:00+00:00
251.459,0.0,500Hz,2000-01-01 00:00:00+00:00
252.475,0.0,500Hz,2000-01-01 00:00:00+00:00
253.502,0.0,1KHz,2000-01-01 00:00:00+00:00
254.518,0.0,500Hz,2000-01-01 00:00:00+00:00
255.521,0.0,500Hz,2000-01-01 00:00:00+00:00
256.548,0.0,1KHz,2000-01-01 00:00:00+00:00
257.563,0.0,500Hz,2000-01-01 00:00:00+00:00
258.566,0.0,500Hz,2000-01-01 00:00:00+00:00
259.594,0.0,1KHz,2000-01-01 00:00:00+00:00
260.609,0.0,500Hz,2000-01-01 00:00:00+00:00
261.613,0.0,500Hz,2000-01-01 00:00:00+00:00
262.641,0.0,1KHz,2000-01-01 00:00:00+00:00
263.655,0.0,500Hz,2000-01-01 00:00:00+00:00
264.659,0.0,500Hz,2000-01-01 00:00:00+00:00
265.675,0.0,500Hz,2000-01-01 00:00:00+00:00
266.689,0.0,500Hz,2000-01-01 00:00:00+00:00
267.705,0.0,500Hz,2000-01-01 00:00:00+00:00
268.721,0.0,500Hz,2000-01-01 00:00:00+00:00
269.736,0.0,500Hz,2000-01-01 00:00:00+00:00
270.751,0.0,500Hz,2000-01-01 00:00:00+00:00
271.767,0.0,500Hz,2000-01-01 00:00:00+00:00
272.794,0.0,1KHz,2000-01-01 00:00:00+00:00
273.81,0.0,500Hz,2000-01-01 00:00:00+00:00
274.812,0.0,500Hz,2000-01-01 00:00:00+00:00
275.84,0.0,1KHz,2000-01-01 00:00:00+00:00
276.855,0.0,500Hz,2000-01-01 00:00:00+00:00
277.858,0.0,500Hz,2000-01-01 00:00:00+00:00
278.886,0.0,1KHz,2000-01-01 00:00:00+00:00
279.901,0.0,500Hz,2000-01-01 00:00:00+00:00
280.905,0.0,500Hz,2000-01-01 00:00:00+00:00
281.92,0.0,500Hz,2000-01-01 00:00:00+00:00
282.936,0.0,500Hz,2000-01-01 00:00:00+00:00
283.951,0.0,500Hz,2000-01-01 00:00:00+00:00
284.967,0.0,500Hz,2000-01-01 00:00:00+00:00
285.981,0.0,500Hz,2000-01-01 00:00:00+00:00
287.009,0.0,1KHz,2000-01-01 00:00:00+00:00
288.024,0.0,500Hz,2000-01-01 00:00:00+00:00
289.028,0.0,500Hz,2000-01-01 00:00:00+00:00
290.043,0.0,500Hz,2000-01-01 00:00:00+00:00
291.059,0.0,500Hz,2000-01-01 00:00:00+00:00
292.086,0.0,1KHz,2000-01-01 00:00:00+00:00
293.102,0.0,500Hz,2000-01-01 00:00:00+00:00
294.104,0.0,500Hz,2000-01-01 00:00:00+00:00
295.132,0.0,1KHz,2000-01-01 00:00:00+00:00
296.147,0.0,500Hz,2000-01-01 00:00:00+00:00
297.151,0.0,500Hz,2000-01-01 00:00:00+00:00
298.166,0.0,500Hz,2000-01-01 00:00:00+00:00
299.193,0.0,1KHz,2000-01-01 00:00:00+00:00
300.209,0.0,500Hz,2000-01-01 00:00:00+00:00
301.213,0.0,500Hz,2000-01-01 00:00:00+00:00
302.228,0.0,500Hz,2000-01-01 00:00:00+00:00
303.243,0.0,500Hz,2000-01-01 00:00:00+00:00
304.271,0.0,1KHz,2000-01-01 00:00:00+00:00
305.286,0.0,500Hz,2000-01-01 00:00:00+00:00
306.289,0.0,500Hz,2000-01-01 00:00:00+00:00
307.316,0.0,1KHz,2000-01-01 00:00:00+00:00
308.332,0.0,500Hz,2000-01-01 00:00:00+00:00
309.336,0.0,500Hz,2000-01-01 00:00:00+00:00
310.362,0.0,1KHz,2000-01-01 00:00:00+00:00
311.378,0.0,500Hz,2000-01-01 00:00:00+00:00
312.382,0.0,500Hz,2000-01-01 00:00:00+00:00
313.396,0.0,500Hz,2000-01-01 00:00:00+00:00
314.412,0.0,500Hz,2000-01-01 00:00:00+00:00
315.428,0.0,500Hz,2000-01-01 00:00:00+00:00
316.455,0.0,1KHz,2000-01-01 00:00:00+00:00
317.471,0.0,500Hz,2000-01-01 00:00:00+00:00
318.474,0.0,500Hz,2000-01-01 00:00:00+00:00
319.489,0.0,500Hz,2000-01-01 00:00:00+00:00
320.505,0.0,500Hz,2000-01-01 00:00:00+00:00
321.532,0.0,1KHz,2000-01-01 00:00:00+00:00
322.547,0.0,500Hz,2000-01-01 00:00:00+00:00
323.551,0.0,500Hz,2000-01-01 00:00:00+00:00
324.566,0.0,500Hz,2000-01-01 00:00:00+00:00
325.594,0.0,1KHz,2000-01-01 00:00:00+00:00
326.608,0.0,500Hz,2000-01-01 00:00:00+00:00
327.624,0.0,1KHz,2000-01-01 00:00:00+00:00
328.64,0.0,500Hz,2000-01-01 00:00:00+00:00
329.643,0.0,500Hz,2000-01-01 00:00:00+00:00
330.658,0.0,500Hz,2000-01-01 00:00:00+00:00
331.674,0.0,500Hz,2000-01-01 00:00:00+00:00
332.689,0.0,500Hz,2000-01-01 00:00:00+00:00
333.704,0.0,500Hz,2000-01-01 00:00:00+00:00
334.731,0.0,1KHz,2000-01-01 00:00:00+00:00
335.747,0.0,500Hz,2000-01-01 00:00:00+00:00
336.763,0.0,1KHz,2000-01-01 00:00:00+00:00
337.777,0.0,500Hz,2000-01-01 00:00:00+00:00
338.781,0.0,500Hz,2000-01-01 00:00:00+00:00
339.797,0.0,500Hz,2000-01-01 00:00:00+00:00
340.824,0.0,1KHz,2000-01-01 00:00:00+00:00
341.839,0.0,500Hz,2000-01-01 00:00:00+00:00
342.843,0.0,500Hz,2000-01-01 00:00:00+00:00
343.87,0.0,1KHz,2000-01-01 00:00:00+00:00
344.886,0.0,500Hz,2000-01-01 00:00:00+00:00
345.889,0.0,500Hz,2000-01-01 00:00:00+00:00
346.904,0.0,500Hz,2000-01-01 00:00:00+00:00
347.92,0.0,500Hz,2000-01-01 00:00:00+00:00
348.936,0.0,500Hz,2000-01-01 00:00:00+00:00
349.95,0.0,500Hz,2000-01-01 00:00:00+00:00
350.966,0.0,500Hz,2000-01-01 00:00:00+00:00
351.981,0.0,500Hz,2000-01-01 00:00:00+00:00
353.009,0.0,1KHz,2000-01-01 00:00:00+00:00
354.023,0.0,500Hz,2000-01-01 00:00:00+00:00
355.027,0.0,500Hz,2000-01-01 00:00:00+00:00
356.043,0.0,500Hz,2000-01-01 00:00:00+00:00
357.058,0.0,500Hz,2000-01-01 00:00:00+00:00
358.085,0.0,1KHz,2000-01-01 00:00:00+00:00
359.101,0.0,500Hz,2000-01-01 00:00:00+00:00
360.104,0.0,500Hz,2000-01-01 00:00:00+00:00
361.119,0.0,500Hz,2000-01-01 00:00:00+00:00
362.135,0.0,500Hz,2000-01-01 00:00:00+00:00
363.15,0.0,500Hz,2000-01-01 00:00:00+00:00
364.178,0.0,1KHz,2000-01-01 00:00:00+00:00
365.193,0.0,500Hz,2000-01-01 00:00:00+00:00
366.196,0.0,500Hz,2000-01-01 00:00:00+00:00
367.224,0.0,1KHz,2000-01-01 00:00:00+00:00
368.239,0.0,500Hz,2000-01-01 00:00:00+00:00
369.255,0.0,1KHz,2000-01-01 00:00:00+00:00
370.27,0.0,500Hz,2000-01-01 00:00:00+00:00
371.285,0.0,1KHz,2000-01-01 00:00:00+00:00
372.301,0.0,500Hz,2000-01-01 00:00:00+00:00
373.304,0.0,500Hz,2000-01-01 00:00:00+00:00
374.319,0.0,500Hz,2000-01-01 00:00:00+00:00
375.347,0.0,1KHz,2000-01-01 00:00:00+00:00
376.362,0.0,500Hz,2000-01-01 00:00:00+00:00
377.377,0.0,1KHz,2000-01-01 00:00:00+00:00
378.393,0.0,500Hz,2000-01-01 00:00:00+00:00
379.396,0.0,500Hz,2000-01-01 00:00:00+00:00
380.412,0.0,500Hz,2000-01-01 00:00:00+00:00
381.438,0.0,1KHz,2000-01-01 00:00:00+00:00
382.454,0.0,500Hz,2000-01-01 00:00:00+00:00
383.458,0.0,500Hz,2000-01-01 00:00:00+00:00
384.474,0.0,500Hz,2000-01-01 00:00:00+00:00
385.488,0.0,500Hz,2000-01-01 00:00:00+00:00
386.516,0.0,1KHz,2000-01-01 00:00:00+00:00
387.531,0.0,500Hz,2000-01-01 00:00:00+00:00
388.535,0.0,500Hz,2000-01-01 00:00:00+00:00
389.55,0.0,500Hz,2000-01-01 00:00:00+00:00
390.577,0.0,1KHz,2000-01-01 00:00:00+00:00
391.593,0.0,500Hz,2000-01-01 00:00:00+00:00
392.608,0.0,1KHz,2000-01-01 00:00:00+00:00
393.623,0.0,500Hz,2000-01-01 00:00:00+00:00
394.627,0.0,500Hz,2000-01-01 00:00:00+00:00
395.643,0.0,500Hz,2000-01-01 00:00:00+00:00
396.657,0.0,500Hz,2000-01-01 00:00:00+00:00
397.685,0.0,1KHz,2000-01-01 00:00:00+00:00
